Workbook

Sheet CLASIFICACIÓN
B2: JUGADOR | C2: PUNTUACIÓN
B3: {=_xlfn._xlws.SORT(_xlfn._xlws.FILTER(Puntuación_final!A2:C11, {1,0,1}), 2, -1)} -> TIBURON ROCA | C3: 35
B4: F3ROMONAS | C4: 30
B5: GUILLERMO | C5: 30
B6: DAVID | C6: 25
B7: JTORRESM | C7: 25
B8: Mike | C8: 25
B9: AESCOBARA | C9: 20
B10: DAMI | C10: 20
B11: JMONSALV | C11: 15
B12: SERGICM | C12: 15

Sheet Puntuación_final
A1: username | B1: user_id | C1: TOTAL PUNTOS | F1: username | G1: GOLES
A2: AESCOBARA | B2: d562c0c6-a625-4236-bdb6-3ff7530be80e | C2: =SUM(Pronósticos_de_partidos!L3,Clasificación_de_grupos!J3,Pronósticos_extra!G2,De_16_hasta_el_pódium!F3) -> 20 | F2: {=_xlfn._xlws.SORT(_xlfn.UNIQUE(_xlfn._xlws.FILTER(Aciertos!A2:A1048576, Aciertos!A2:A1048576<>"")))} -> AESCOBARA | G2: {=SUMIF(Aciertos!$A$2:$A$1048576,_xlfn.ANCHORARRAY( F2), Aciertos!$G$2:$G$1048576) + SUMIF(Aciertos!$A$2:$A$1048576,_xlfn.ANCHORARRAY( F2), Aciertos!$H$2:$H$1048576)} -> 12
A3: DAMI | B3: 8b15aca3-4ca4-419a-9572-9edfed0ee054 | C3: =SUM(Pronósticos_de_partidos!L77,Clasificación_de_grupos!J37,Pronósticos_extra!G3,De_16_hasta_el_pódium!F45) -> 20 | F3: DAMI | G3: 11
A4: DAVID | B4: 05baa4c9-babb-479e-89ad-a363bb4731e8 | C4: =SUM(Pronósticos_de_partidos!L151,Clasificación_de_grupos!J71,Pronósticos_extra!G4,De_16_hasta_el_pódium!F87) -> 25 | F4: DAVID | G4: 12
A5: F3ROMONAS | B5: 1e120ca7-b652-4e3d-9e05-a35fb495a661 | C5: =SUM(Pronósticos_de_partidos!L225,Clasificación_de_grupos!J105,Pronósticos_extra!G5,De_16_hasta_el_pódium!F129) -> 30 | F5: F3ROMONAS | G5: 13
A6: GUILLERMO | B6: 713d8068-0c77-4e2a-a816-a9ce4b9f9564 | C6: =SUM(Pronósticos_de_partidos!L299,Clasificación_de_grupos!J139,Pronósticos_extra!G6,De_16_hasta_el_pódium!F171) -> 30 | F6: GUILLERMO | G6: 13
A7: JMONSALV | B7: 89e5b4b5-385c-4eca-b932-3938537a170a | C7: =SUM(Pronósticos_de_partidos!L373,Clasificación_de_grupos!J173,Pronósticos_extra!G7,De_16_hasta_el_pódium!F213) -> 15 | F7: JMONSALV | G7: 8
A8: JTORRESM | B8: 4cddd374-e56f-40c3-8b51-f02b14da3dc7 | C8: =SUM(Pronósticos_de_partidos!L447,Clasificación_de_grupos!J207,Pronósticos_extra!G8,De_16_hasta_el_pódium!F255) -> 25 | F8: JTORRESM | G8: 9
A9: Mike | B9: 5312683a-abe0-400c-9a3d-8b8a4e1f1018 | C9: =SUM(Pronósticos_de_partidos!L521,Clasificación_de_grupos!J241,Pronósticos_extra!G9,De_16_hasta_el_pódium!F297) -> 25 | F9: Mike | G9: 14
A10: SERGICM | B10: 3983aafd-5f92-4e75-8bbc-07ab03ca0488 | C10: =SUM(Pronósticos_de_partidos!L595,Clasificación_de_grupos!J275,Pronósticos_extra!G10,De_16_hasta_el_pódium!F339) -> 15 | F10: SERGICM | G10: 6
A11: TIBURON ROCA | B11: 5f7a1833-45e0-4b3e-9716-6e1d370738b1 | C11: =SUM(Pronósticos_de_partidos!L669,Clasificación_de_grupos!J309,Pronósticos_extra!G11,De_16_hasta_el_pódium!F381) -> 35 | F11: TIBURON ROCA | G11: 22

Sheet Clasificación_de_grupos
A1: username | B1: group_stage | C1: posicion | D1: equipo | E1: pts | F1: gd | G1: gf | H1: tipo | I1: Puntuación | J1: TOTAL
A2: ★ AESCOBARA — 32 Selecciones
A3: AESCOBARA | B3: GROUP A | C3: 1 | D3: Mexico | E3: 7 | F3: 3 | G3: 5 | H3: CLASIFICADO | I3: =IF(COUNTIF(OFICIAL!$C$74:$D$88, D3) > 0, 1, 0) -> 0 | J3: =SUM(I3:I34) -> 0
A4: AESCOBARA | B4: GROUP A | C4: 2 | D4: South Korea | E4: 5 | F4: 3 | G4: 5 | H4: CLASIFICADO | I4: =IF(COUNTIF(OFICIAL!$C$74:$D$88, D4) > 0, 1, 0) -> 0
A5: AESCOBARA | B5: GROUP A | C5: 3 | D5: Czechia | E5: 4 | F5: 1 | G5: 4 | H5: MEJOR TERCERO | I5: =IF(COUNTIF(OFICIAL!$C$74:$D$88, D5) > 0, 1, 0) -> 0
A6: AESCOBARA | B6: GROUP B | C6: 1 | D6: Switzerland | E6: 9 | F6: 7 | G6: 7 | H6: CLASIFICADO | I6: =IF(COUNTIF(OFICIAL!$C$74:$D$88, D6) > 0, 1, 0) -> 0
A7: AESCOBARA | B7: GROUP B | C7: 2 | D7: Canada | E7: 4 | F7: -1 | G7: 3 | H7: CLASIFICADO | I7: =IF(COUNTIF(OFICIAL!$C$74:$D$88, D7) > 0, 1, 0) -> 0
A8: AESCOBARA | B8: GROUP C | C8: 1 | D8: Brazil | E8: 7 | F8: 5 | G8: 7 | H8: CLASIFICADO | I8: =IF(COUNTIF(OFICIAL!$C$74:$D$88, D8) > 0, 1, 0) -> 0
A9: AESCOBARA | B9: GROUP C | C9: 2 | D9: Morocco | E9: 6 | F9: 3 | G9: 6 | H9: CLASIFICADO | I9: =IF(COUNTIF(OFICIAL!$C$74:$D$88, D9) > 0, 1, 0) -> 0
A10: AESCOBARA | B10: GROUP C | C10: 3 | D10: Scotland | E10: 4 | F10: 1 | G10: 4 | H10: MEJOR TERCERO | I10: =IF(COUNTIF(OFICIAL!$C$74:$D$88, D10) > 0, 1, 0) -> 0
A11: AESCOBARA | B11: GROUP D | C11: 1 | D11: USA | E11: 7 | F11: 3 | G11: 5 | H11: CLASIFICADO | I11: =IF(COUNTIF(OFICIAL!$C$74:$D$88, D11) > 0, 1, 0) -> 0
A12: AESCOBARA | B12: GROUP D | C12: 2 | D12: Türkiye | E12: 7 | F12: 3 | G12: 4 | H12: CLASIFICADO | I12: =IF(COUNTIF(OFICIAL!$C$74:$D$88, D12) > 0, 1, 0) -> 0
A13: AESCOBARA | B13: GROUP E | C13: 1 | D13: Germany | E13: 7 | F13: 5 | G13: 8 | H13: CLASIFICADO | I13: =IF(COUNTIF(OFICIAL!$C$74:$D$88, D13) > 0, 1, 0) -> 0
A14: AESCOBARA | B14: GROUP E | C14: 2 | D14: Ivory Coast | E14: 5 | F14: 3 | G14: 6 | H14: CLASIFICADO | I14: =IF(COUNTIF(OFICIAL!$C$74:$D$88, D14) > 0, 1, 0) -> 0
A15: AESCOBARA | B15: GROUP E | C15: 3 | D15: Ecuador | E15: 4 | F15: 2 | G15: 5 | H15: MEJOR TERCERO | I15: =IF(COUNTIF(OFICIAL!$C$74:$D$88, D15) > 0, 1, 0) -> 0
... A34: AESCOBARA | B34: GROUP L | C34: 3 | D34: Ghana | E34: 4 | F34: 0 | G34: 4 | H34: MEJOR TERCERO | I34: =IF(COUNTIF(OFICIAL!$C$74:$D$88, D34) > 0, 1, 0) -> 0
A36: ★ DAMI — 32 Selecciones
A37: DAMI | B37: GROUP A | C37: 1 | D37: Mexico | E37: 7 | F37: 4 | G37: 5 | H37: CLASIFICADO | I37: =IF(COUNTIF(OFICIAL!$C$74:$D$88, D37) > 0, 1, 0) -> 0 | J37: =SUM(I37:I68) -> 0
A38: DAMI | B38: GROUP A | C38: 2 | D38: Czechia | E38: 5 | F38: 2 | G38: 4 | H38: CLASIFICADO | I38: =IF(COUNTIF(OFICIAL!$C$74:$D$88, D38) > 0, 1, 0) -> 0
A39: DAMI | B39: GROUP A | C39: 3 | D39: South Africa | E39: 4 | F39: 0 | G39: 4 | H39: MEJOR TERCERO | I39: =IF(COUNTIF(OFICIAL!$C$74:$D$88, D39) > 0, 1, 0) -> 0
A40: DAMI | B40: GROUP B | C40: 1 | D40: Canada | E40: 7 | F40: 2 | G40: 4 | H40: CLASIFICADO | I40: =IF(COUNTIF(OFICIAL!$C$74:$D$88, D40) > 0, 1, 0) -> 0
A41: DAMI | B41: GROUP B | C41: 2 | D41: Switzerland | E41: 5 | F41: 1 | G41: 4 | H41: CLASIFICADO | I41: =IF(COUNTIF(OFICIAL!$C$74:$D$88, D41) > 0, 1, 0) -> 0
A42: DAMI | B42: GROUP B | C42: 3 | D42: Qatar | E42: 4 | F42: 0 | G42: 2 | H42: MEJOR TERCERO | I42: =IF(COUNTIF(OFICIAL!$C$74:$D$88, D42) > 0, 1, 0) -> 0
A43: DAMI | B43: GROUP C | C43: 1 | D43: Morocco | E43: 9 | F43: 8 | G43: 9 | H43: CLASIFICADO | I43: =IF(COUNTIF(OFICIAL!$C$74:$D$88, D43) > 0, 1, 0) -> 0
A44: DAMI | B44: GROUP C | C44: 2 | D44: Brazil | E44: 6 | F44: 6 | G44: 10 | H44: CLASIFICADO | I44: =IF(COUNTIF(OFICIAL!$C$74:$D$88, D44) > 0, 1, 0) -> 0
A45: DAMI | B45: GROUP C | C45: 3 | D45: Scotland | E45: 3 | F45: -2 | G45: 3 | H45: MEJOR TERCERO | I45: =IF(COUNTIF(OFICIAL!$C$74:$D$88, D45) > 0, 1, 0) -> 0
A46: DAMI | B46: GROUP D | C46: 1 | D46: Türkiye | E46: 9 | F46: 5 | G46: 7 | H46: CLASIFICADO | I46: =IF(COUNTIF(OFICIAL!$C$74:$D$88, D46) > 0, 1, 0) -> 0
A47: DAMI | B47: GROUP D | C47: 2 | D47: USA | E47: 2 | F47: -1 | G47: 4 | H47: CLASIFICADO | I47: =IF(COUNTIF(OFICIAL!$C$74:$D$88, D47) > 0, 1, 0) -> 0
A48: DAMI | B48: GROUP E | C48: 1 | D48: Germany | E48: 9 | F48: 10 | G48: 11 | H48: CLASIFICADO | I48: =IF(COUNTIF(OFICIAL!$C$74:$D$88, D48) > 0, 1, 0) -> 0
A49: DAMI | B49: GROUP E | C49: 2 | D49: Ivory Coast | E49: 6 | F49: 2 | G49: 6 | H49: CLASIFICADO | I49: =IF(COUNTIF(OFICIAL!$C$74:$D$88, D49) > 0, 1, 0) -> 0
... A68: DAMI | B68: GROUP L | C68: 3 | D68: Ghana | E68: 3 | F68: 0 | G68: 4 | H68: MEJOR TERCERO | I68: =IF(COUNTIF(OFICIAL!$C$74:$D$88, D68) > 0, 1, 0) -> 0
A70: ★ DAVID — 32 Selecciones
A71: DAVID | B71: GROUP A | C71: 1 | D71: Mexico | E71: 9 | F71: 5 | G71: 6 | H71: CLASIFICADO | I71: =IF(COUNTIF(OFICIAL!$C$74:$D$88, D71) > 0, 1, 0) -> 0 | J71: =SUM(I71:I102) -> 0
A72: DAVID | B72: GROUP A | C72: 2 | D72: South Korea | E72: 4 | F72: 0 | G72: 3 | H72: CLASIFICADO | I72: =IF(COUNTIF(OFICIAL!$C$74:$D$88, D72) > 0, 1, 0) -> 0
A73: DAVID | B73: GROUP A | C73: 3 | D73: Czechia | E73: 2 | F73: -2 | G73: 2 | H73: MEJOR TERCERO | I73: =IF(COUNTIF(OFICIAL!$C$74:$D$88, D73) > 0, 1, 0) -> 0
A74: DAVID | B74: GROUP B | C74: 1 | D74: Switzerland | E74: 7 | F74: 4 | G74: 5 | H74: CLASIFICADO | I74: =IF(COUNTIF(OFICIAL!$C$74:$D$88, D74) > 0, 1, 0) -> 0
A75: DAVID | B75: GROUP B | C75: 2 | D75: Canada | E75: 7 | F75: 2 | G75: 5 | H75: CLASIFICADO | I75: =IF(COUNTIF(OFICIAL!$C$74:$D$88, D75) > 0, 1, 0) -> 0
A76: DAVID | B76: GROUP B | C76: 3 | D76: Bosnia and Herzegovina | E76: 3 | F76: -2 | G76: 2 | H76: MEJOR TERCERO | I76: =IF(COUNTIF(OFICIAL!$C$74:$D$88, D76) > 0, 1, 0) -> 0
A77: DAVID | B77: GROUP C | C77: 1 | D77: Brazil | E77: 9 | F77: 6 | G77: 7 | H77: CLASIFICADO | I77: =IF(COUNTIF(OFICIAL!$C$74:$D$88, D77) > 0, 1, 0) -> 0
A78: DAVID | B78: GROUP C | C78: 2 | D78: Morocco | E78: 6 | F78: 2 | G78: 5 | H78: CLASIFICADO | I78: =IF(COUNTIF(OFICIAL!$C$74:$D$88, D78) > 0, 1, 0) -> 0
A79: DAVID | B79: GROUP D | C79: 1 | D79: USA | E79: 9 | F79: 6 | G79: 7 | H79: CLASIFICADO | I79: =IF(COUNTIF(OFICIAL!$C$74:$D$88, D79) > 0, 1, 0) -> 0
A80: DAVID | B80: GROUP D | C80: 2 | D80: Türkiye | E80: 4 | F80: -1 | G80: 3 | H80: CLASIFICADO | I80: =IF(COUNTIF(OFICIAL!$C$74:$D$88, D80) > 0, 1, 0) -> 0
A81: DAVID | B81: GROUP D | C81: 3 | D81: Australia | E81: 2 | F81: -2 | G81: 3 | H81: MEJOR TERCERO | I81: =IF(COUNTIF(OFICIAL!$C$74:$D$88, D81) > 0, 1, 0) -> 0
A82: DAVID | B82: GROUP E | C82: 1 | D82: Germany | E82: 9 | F82: 7 | G82: 8 | H82: CLASIFICADO | I82: =IF(COUNTIF(OFICIAL!$C$74:$D$88, D82) > 0, 1, 0) -> 0
A83: DAVID | B83: GROUP E | C83: 2 | D83: Ecuador | E83: 4 | F83: 0 | G83: 3 | H83: CLASIFICADO | I83: =IF(COUNTIF(OFICIAL!$C$74:$D$88, D83) > 0, 1, 0) -> 0
... A102: DAVID | B102: GROUP L | C102: 2 | D102: Croatia | E102: 6 | F102: 3 | G102: 5 | H102: CLASIFICADO | I102: =IF(COUNTIF(OFICIAL!$C$74:$D$88, D102) > 0, 1, 0) -> 0
A104: ★ F3ROMONAS — 32 Selecciones
A105: F3ROMONAS | B105: GROUP A | C105: 1 | D105: Mexico | E105: 7 | F105: 3 | G105: 5 | H105: CLASIFICADO | I105: =IF(COUNTIF(OFICIAL!$C$74:$D$88, D105) > 0, 1, 0) -> 0 | J105: =SUM(I105:I136) -> 0
A106: F3ROMONAS | B106: GROUP A | C106: 2 | D106: South Korea | E106: 4 | F106: 0 | G106: 4 | H106: CLASIFICADO | I106: =IF(COUNTIF(OFICIAL!$C$74:$D$88, D106) > 0, 1, 0) -> 0
A107: F3ROMONAS | B107: GROUP A | C107: 3 | D107: Czechia | E107: 3 | F107: 0 | G107: 3 | H107: MEJOR TERCERO | I107: =IF(COUNTIF(OFICIAL!$C$74:$D$88, D107) > 0, 1, 0) -> 0
A108: F3ROMONAS | B108: GROUP B | C108: 1 | D108: Canada | E108: 9 | F108: 5 | G108: 7 | H108: CLASIFICADO | I108: =IF(COUNTIF(OFICIAL!$C$74:$D$88, D108) > 0, 1, 0) -> 0
A109: F3ROMONAS | B109: GROUP B | C109: 2 | D109: Bosnia and Herzegovina | E109: 4 | F109: 1 | G109: 4 | H109: CLASIFICADO | I109: =IF(COUNTIF(OFICIAL!$C$74:$D$88, D109) > 0, 1, 0) -> 0
A110: F3ROMONAS | B110: GROUP B | C110: 3 | D110: Switzerland | E110: 4 | F110: 1 | G110: 4 | H110: MEJOR TERCERO | I110: =IF(COUNTIF(OFICIAL!$C$74:$D$88, D110) > 0, 1, 0) -> 0
A111: F3ROMONAS | B111: GROUP C | C111: 1 | D111: Brazil | E111: 9 | F111: 6 | G111: 8 | H111: CLASIFICADO | I111: =IF(COUNTIF(OFICIAL!$C$74:$D$88, D111) > 0, 1, 0) -> 0
A112: F3ROMONAS | B112: GROUP C | C112: 2 | D112: Morocco | E112: 6 | F112: 3 | G112: 5 | H112: CLASIFICADO | I112: =IF(COUNTIF(OFICIAL!$C$74:$D$88, D112) > 0, 1, 0) -> 0
A113: F3ROMONAS | B113: GROUP D | C113: 1 | D113: USA | E113: 7 | F113: 3 | G113: 6 | H113: CLASIFICADO | I113: =IF(COUNTIF(OFICIAL!$C$74:$D$88, D113) > 0, 1, 0) -> 0
A114: F3ROMONAS | B114: GROUP D | C114: 2 | D114: Türkiye | E114: 5 | F114: 1 | G114: 5 | H114: CLASIFICADO | I114: =IF(COUNTIF(OFICIAL!$C$74:$D$88, D114) > 0, 1, 0) -> 0
A115: F3ROMONAS | B115: GROUP D | C115: 3 | D115: Paraguay | E115: 4 | F115: 0 | G115: 3 | H115: MEJOR TERCERO | I115: =IF(COUNTIF(OFICIAL!$C$74:$D$88, D115) > 0, 1, 0) -> 0
A116: F3ROMONAS | B116: GROUP E | C116: 1 | D116: Germany | E116: 9 | F116: 6 | G116: 8 | H116: CLASIFICADO | I116: =IF(COUNTIF(OFICIAL!$C$74:$D$88, D116) > 0, 1, 0) -> 0
A117: F3ROMONAS | B117: GROUP E | C117: 2 | D117: Ivory Coast | E117: 4 | F117: 2 | G117: 5 | H117: CLASIFICADO | I117: =IF(COUNTIF(OFICIAL!$C$74:$D$88, D117) > 0, 1, 0) -> 0
... A136: F3ROMONAS | B136: GROUP L | C136: 3 | D136: Ghana | E136: 4 | F136: 0 | G136: 4 | H136: MEJOR TERCERO | I136: =IF(COUNTIF(OFICIAL!$C$74:$D$88, D136) > 0, 1, 0) -> 0
A138: ★ GUILLERMO — 32 Selecciones
A139: GUILLERMO | B139: GROUP A | C139: 1 | D139: Mexico | E139: 9 | F139: 5 | G139: 6 | H139: CLASIFICADO | I139: =IF(COUNTIF(OFICIAL!$C$74:$D$88, D139) > 0, 1, 0) -> 0 | J139: =SUM(I139:I170) -> 0
A140: GUILLERMO | B140: GROUP A | C140: 2 | D140: South Korea | E140: 6 | F140: 2 | G140: 6 | H140: CLASIFICADO | I140: =IF(COUNTIF(OFICIAL!$C$74:$D$88, D140) > 0, 1, 0) -> 0
A141: GUILLERMO | B141: GROUP A | C141: 3 | D141: South Africa | E141: 3 | F141: -4 | G141: 2 | H141: MEJOR TERCERO | I141: =IF(COUNTIF(OFICIAL!$C$74:$D$88, D141) > 0, 1, 0) -> 0
A142: GUILLERMO | B142: GROUP B | C142: 1 | D142: Qatar | E142: 9 | F142: 3 | G142: 4 | H142: CLASIFICADO | I142: =IF(COUNTIF(OFICIAL!$C$74:$D$88, D142) > 0, 1, 0) -> 0
A143: GUILLERMO | B143: GROUP B | C143: 2 | D143: Switzerland | E143: 6 | F143: 2 | G143: 6 | H143: CLASIFICADO | I143: =IF(COUNTIF(OFICIAL!$C$74:$D$88, D143) > 0, 1, 0) -> 0
A144: GUILLERMO | B144: GROUP B | C144: 3 | D144: Canada | E144: 3 | F144: -1 | G144: 2 | H144: MEJOR TERCERO | I144: =IF(COUNTIF(OFICIAL!$C$74:$D$88, D144) > 0, 1, 0) -> 0
A145: GUILLERMO | B145: GROUP C | C145: 1 | D145: Brazil | E145: 7 | F145: 4 | G145: 6 | H145: CLASIFICADO | I145: =IF(COUNTIF(OFICIAL!$C$74:$D$88, D145) > 0, 1, 0) -> 0
A146: GUILLERMO | B146: GROUP C | C146: 2 | D146: Morocco | E146: 6 | F146: 3 | G146: 6 | H146: CLASIFICADO | I146: =IF(COUNTIF(OFICIAL!$C$74:$D$88, D146) > 0, 1, 0) -> 0
A147: GUILLERMO | B147: GROUP C | C147: 3 | D147: Scotland | E147: 4 | F147: 0 | G147: 3 | H147: MEJOR TERCERO | I147: =IF(COUNTIF(OFICIAL!$C$74:$D$88, D147) > 0, 1, 0) -> 0
A148: GUILLERMO | B148: GROUP D | C148: 1 | D148: Türkiye | E148: 6 | F148: 3 | G148: 4 | H148: CLASIFICADO | I148: =IF(COUNTIF(OFICIAL!$C$74:$D$88, D148) > 0, 1, 0) -> 0
A149: GUILLERMO | B149: GROUP D | C149: 2 | D149: Paraguay | E149: 5 | F149: 1 | G149: 5 | H149: CLASIFICADO | I149: =IF(COUNTIF(OFICIAL!$C$74:$D$88, D149) > 0, 1, 0) -> 0
A150: GUILLERMO | B150: GROUP D | C150: 3 | D150: Australia | E150: 2 | F150: -2 | G150: 3 | H150: MEJOR TERCERO | I150: =IF(COUNTIF(OFICIAL!$C$74:$D$88, D150) > 0, 1, 0) -> 0
A151: GUILLERMO | B151: GROUP E | C151: 1 | D151: Germany | E151: 9 | F151: 7 | G151: 9 | H151: CLASIFICADO | I151: =IF(COUNTIF(OFICIAL!$C$74:$D$88, D151) > 0, 1, 0) -> 0
... A170: GUILLERMO | B170: GROUP L | C170: 3 | D170: Ghana | E170: 2 | F170: -4 | G170: 3 | H170: MEJOR TERCERO | I170: =IF(COUNTIF(OFICIAL!$C$74:$D$88, D170) > 0, 1, 0) -> 0
A172: ★ JMONSALV — 32 Selecciones
A173: JMONSALV | B173: GROUP A | C173: 1 | D173: Mexico | E173: 9 | F173: 4 | G173: 6 | H173: CLASIFICADO | I173: =IF(COUNTIF(OFICIAL!$C$74:$D$88, D173) > 0, 1, 0) -> 0 | J173: =SUM(I173:I204) -> 0
A174: JMONSALV | B174: GROUP A | C174: 2 | D174: Czechia | E174: 6 | F174: 1 | G174: 5 | H174: CLASIFICADO | I174: =IF(COUNTIF(OFICIAL!$C$74:$D$88, D174) > 0, 1, 0) -> 0
A175: JMONSALV | B175: GROUP A | C175: 3 | D175: South Korea | E175: 3 | F175: -2 | G175: 2 | H175: MEJOR TERCERO | I175: =IF(COUNTIF(OFICIAL!$C$74:$D$88, D175) > 0, 1, 0) -> 0
A176: JMONSALV | B176: GROUP B | C176: 1 | D176: Switzerland | E176: 9 | F176: 5 | G176: 6 | H176: CLASIFICADO | I176: =IF(COUNTIF(OFICIAL!$C$74:$D$88, D176) > 0, 1, 0) -> 0
A177: JMONSALV | B177: GROUP B | C177: 2 | D177: Bosnia and Herzegovina | E177: 4 | F177: 1 | G177: 4 | H177: CLASIFICADO | I177: =IF(COUNTIF(OFICIAL!$C$74:$D$88, D177) > 0, 1, 0) -> 0
A178: JMONSALV | B178: GROUP B | C178: 3 | D178: Canada | E178: 4 | F178: 0 | G178: 3 | H178: MEJOR TERCERO | I178: =IF(COUNTIF(OFICIAL!$C$74:$D$88, D178) > 0, 1, 0) -> 0
A179: JMONSALV | B179: GROUP C | C179: 1 | D179: Brazil | E179: 9 | F179: 8 | G179: 9 | H179: CLASIFICADO | I179: =IF(COUNTIF(OFICIAL!$C$74:$D$88, D179) > 0, 1, 0) -> 0
A180: JMONSALV | B180: GROUP C | C180: 2 | D180: Morocco | E180: 6 | F180: 4 | G180: 6 | H180: CLASIFICADO | I180: =IF(COUNTIF(OFICIAL!$C$74:$D$88, D180) > 0, 1, 0) -> 0
A181: JMONSALV | B181: GROUP C | C181: 3 | D181: Scotland | E181: 3 | F181: -3 | G181: 2 | H181: MEJOR TERCERO | I181: =IF(COUNTIF(OFICIAL!$C$74:$D$88, D181) > 0, 1, 0) -> 0
A182: JMONSALV | B182: GROUP D | C182: 1 | D182: Türkiye | E182: 7 | F182: 2 | G182: 5 | H182: CLASIFICADO | I182: =IF(COUNTIF(OFICIAL!$C$74:$D$88, D182) > 0, 1, 0) -> 0
A183: JMONSALV | B183: GROUP D | C183: 2 | D183: USA | E183: 5 | F183: 1 | G183: 4 | H183: CLASIFICADO | I183: =IF(COUNTIF(OFICIAL!$C$74:$D$88, D183) > 0, 1, 0) -> 0
A184: JMONSALV | B184: GROUP D | C184: 3 | D184: Paraguay | E184: 4 | F184: 0 | G184: 3 | H184: MEJOR TERCERO | I184: =IF(COUNTIF(OFICIAL!$C$74:$D$88, D184) > 0, 1, 0) -> 0
A185: JMONSALV | B185: GROUP E | C185: 1 | D185: Germany | E185: 9 | F185: 8 | G185: 8 | H185: CLASIFICADO | I185: =IF(COUNTIF(OFICIAL!$C$74:$D$88, D185) > 0, 1, 0) -> 0
... A204: JMONSALV | B204: GROUP L | C204: 3 | D204: Ghana | E204: 3 | F204: -1 | G204: 3 | H204: MEJOR TERCERO | I204: =IF(COUNTIF(OFICIAL!$C$74:$D$88, D204) > 0, 1, 0) -> 0
A206: ★ JTORRESM — 32 Selecciones
A207: JTORRESM | B207: GROUP A | C207: 1 | D207: Mexico | E207: 7 | F207: 3 | G207: 4 | H207: CLASIFICADO | I207: =IF(COUNTIF(OFICIAL!$C$74:$D$88, D207) > 0, 1, 0) -> 0 | J207: =SUM(I207:I238) -> 0
A208: JTORRESM | B208: GROUP A | C208: 2 | D208: South Korea | E208: 6 | F208: 1 | G208: 3 | H208: CLASIFICADO | I208: =IF(COUNTIF(OFICIAL!$C$74:$D$88, D208) > 0, 1, 0) -> 0
A209: JTORRESM | B209: GROUP A | C209: 3 | D209: Czechia | E209: 4 | F209: 0 | G209: 2 | H209: MEJOR TERCERO | I209: =IF(COUNTIF(OFICIAL!$C$74:$D$88, D209) > 0, 1, 0) -> 0
A210: JTORRESM | B210: GROUP B | C210: 1 | D210: Switzerland | E210: 7 | F210: 3 | G210: 5 | H210: CLASIFICADO | I210: =IF(COUNTIF(OFICIAL!$C$74:$D$88, D210) > 0, 1, 0) -> 0
A211: JTORRESM | B211: GROUP B | C211: 2 | D211: Canada | E211: 5 | F211: 1 | G211: 3 | H211: CLASIFICADO | I211: =IF(COUNTIF(OFICIAL!$C$74:$D$88, D211) > 0, 1, 0) -> 0
A212: JTORRESM | B212: GROUP C | C212: 1 | D212: Brazil | E212: 9 | F212: 5 | G212: 5 | H212: CLASIFICADO | I212: =IF(COUNTIF(OFICIAL!$C$74:$D$88, D212) > 0, 1, 0) -> 0
A213: JTORRESM | B213: GROUP C | C213: 2 | D213: Morocco | E213: 6 | F213: 3 | G213: 4 | H213: CLASIFICADO | I213: =IF(COUNTIF(OFICIAL!$C$74:$D$88, D213) > 0, 1, 0) -> 0
A214: JTORRESM | B214: GROUP C | C214: 3 | D214: Scotland | E214: 3 | F214: 0 | G214: 2 | H214: MEJOR TERCERO | I214: =IF(COUNTIF(OFICIAL!$C$74:$D$88, D214) > 0, 1, 0) -> 0
...

Sheet Pronósticos_de_partidos
A1: username | B1: user_id | C1: match_id | D1: group_stage | E1: home_team | F1: away_team | G1: match_date | H1: prediction_home | I1: prediction_away | J1: fecha_pronostico | K1: Puntos | L1: TOTAL
A2: ★ AESCOBARA — 72 partidos
A3: AESCOBARA | B3: d562c0c6-a625-4236-bdb6-3ff7530be80e | C3: 508fde42-0d95-4deb-bb06-ffe8ed2063df | D3: GROUP A | E3: Mexico | F3: South Africa | G3: 2026-06-11 19:00:00+00 | H3: 2 | I3: 0 | J3: 2026-06-09 13:26:08.542963+00 | K3: =IF(AND(H3=OFICIAL!F2, I3=OFICIAL!G2), 5, 0) -> 5 | L3: =SUM(K3:K74) -> 20
A4: AESCOBARA | B4: d562c0c6-a625-4236-bdb6-3ff7530be80e | C4: 9a59f9b3-7047-4415-965f-60027d2b2f14 | D4: GROUP A | E4: South Korea | F4: Czechia | G4: 2026-06-12 02:00:00+00 | H4: 1 | I4: 1 | J4: 2026-06-09 13:26:08.542963+00 | K4: =IF(AND(H4=OFICIAL!F3, I4=OFICIAL!G3), 5, 0) -> 0
A5: AESCOBARA | B5: d562c0c6-a625-4236-bdb6-3ff7530be80e | C5: 786a6f9c-ec56-4cd6-8b44-8f0eed147c2b | D5: GROUP B | E5: Canada | F5: Bosnia and Herzegovina | G5: 2026-06-12 19:00:00+00 | H5: 2 | I5: 1 | J5: 2026-06-09 13:27:38.14446+00 | K5: =IF(AND(H5=OFICIAL!F4, I5=OFICIAL!G4), 5, 0) -> 0
A6: AESCOBARA | B6: d562c0c6-a625-4236-bdb6-3ff7530be80e | C6: d15b86b6-8131-4eed-9d08-f9941aaab68f | D6: GROUP D | E6: USA | F6: Paraguay | G6: 2026-06-13 01:00:00+00 | H6: 2 | I6: 0 | J6: 2026-06-09 14:28:47.66349+00 | K6: =IF(AND(H6=OFICIAL!F5, I6=OFICIAL!G5), 5, 0) -> 0
A7: AESCOBARA | B7: d562c0c6-a625-4236-bdb6-3ff7530be80e | C7: a966c60d-7b80-48d7-aaec-e45f740da490 | D7: GROUP B | E7: Qatar | F7: Switzerland | G7: 2026-06-13 19:00:00+00 | H7: 0 | I7: 3 | J7: 2026-06-09 13:27:38.14446+00 | K7: =IF(AND(H7=OFICIAL!F6, I7=OFICIAL!G6), 5, 0) -> 0
A8: AESCOBARA | B8: d562c0c6-a625-4236-bdb6-3ff7530be80e | C8: 6c0c01c5-d0b5-48a7-8066-7c03e4c9935b | D8: GROUP C | E8: Brazil | F8: Morocco | G8: 2026-06-13 22:00:00+00 | H8: 2 | I8: 1 | J8: 2026-06-09 13:29:29.786122+00 | K8: =IF(AND(H8=OFICIAL!F7, I8=OFICIAL!G7), 5, 0) -> 0
A9: AESCOBARA | B9: d562c0c6-a625-4236-bdb6-3ff7530be80e | C9: 0d0fecb5-49d5-4ade-893a-c03326a6ed99 | D9: GROUP C | E9: Haiti | F9: Scotland | G9: 2026-06-14 03:00:00+00 | H9: 0 | I9: 2 | J9: 2026-06-09 13:29:29.786122+00 | K9: =IF(AND(H9=OFICIAL!F8, I9=OFICIAL!G8), 5, 0) -> 0
A10: AESCOBARA | B10: d562c0c6-a625-4236-bdb6-3ff7530be80e | C10: 9562e7fe-3cc2-468b-8581-dfde5a600be4 | D10: GROUP D | E10: Australia | F10: Türkiye | G10: 2026-06-14 06:00:00+00 | H10: 0 | I10: 2 | J10: 2026-06-09 14:28:47.66349+00 | K10: =IF(AND(H10=OFICIAL!F9, I10=OFICIAL!G9), 5, 0) -> 0
A11: AESCOBARA | B11: d562c0c6-a625-4236-bdb6-3ff7530be80e | C11: 5deeae7a-b706-418b-99d7-042ef9ca05e5 | D11: GROUP E | E11: Germany | F11: Curaçao | G11: 2026-06-14 19:00:00+00 | H11: 4 | I11: 0 | J11: 2026-06-09 14:30:17.700381+00 | K11: =IF(AND(H11=OFICIAL!F10, I11=OFICIAL!G10), 5, 0) -> 0
A12: AESCOBARA | B12: d562c0c6-a625-4236-bdb6-3ff7530be80e | C12: 0d203b18-162c-4ca1-be32-6bc80bde86a7 | D12: GROUP F | E12: Netherlands | F12: Japan | G12: 2026-06-14 22:00:00+00 | H12: 2 | I12: 2 | J12: 2026-06-09 16:49:39.834349+00 | K12: =IF(AND(H12=OFICIAL!F11, I12=OFICIAL!G11), 5, 0) -> 5
A13: AESCOBARA | B13: d562c0c6-a625-4236-bdb6-3ff7530be80e | C13: b7a93904-fd26-43c7-bcf8-1b43f7f69e29 | D13: GROUP E | E13: Ivory Coast | F13: Ecuador | G13: 2026-06-15 01:00:00+00 | H13: 1 | I13: 1 | J13: 2026-06-09 14:30:17.700381+00 | K13: =IF(AND(H13=OFICIAL!F12, I13=OFICIAL!G12), 5, 0) -> 0
A14: AESCOBARA | B14: d562c0c6-a625-4236-bdb6-3ff7530be80e | C14: 41eb4eda-5a5f-43cf-bf68-771e0a04b8bd | D14: GROUP F | E14: Sweden | F14: Tunisia | G14: 2026-06-15 04:00:00+00 | H14: 2 | I14: 0 | J14: 2026-06-09 16:49:39.834349+00 | K14: =IF(AND(H14=OFICIAL!F13, I14=OFICIAL!G13), 5, 0) -> 0
A15: AESCOBARA | B15: d562c0c6-a625-4236-bdb6-3ff7530be80e | C15: 71fb781e-9423-4cb2-8fa6-e456891f4dd0 | D15: GROUP H | E15: Spain | F15: CAPE VERDE | G15: 2026-06-15 18:00:00+00 | H15: 3 | I15: 0 | J15: 2026-06-09 16:52:06.198951+00 | K15: =IF(AND(H15=OFICIAL!F14, I15=OFICIAL!G14), 5, 0) -> 0
... A74: AESCOBARA | B74: d562c0c6-a625-4236-bdb6-3ff7530be80e | C74: 6a93e346-d05d-4f0a-99e2-44659705424f | D74: GROUP J | E74: Algeria | F74: Austria | G74: 2026-06-28 02:00:00+00 | H74: 1 | I74: 1 | J74: 2026-06-09 16:55:51.80026+00 | K74: =IF(AND(H74=OFICIAL!F73, I74=OFICIAL!G73), 5, 0) -> 0
A76: ★ DAMI — 72 partidos
A77: DAMI | B77: 8b15aca3-4ca4-419a-9572-9edfed0ee054 | C77: 508fde42-0d95-4deb-bb06-ffe8ed2063df | D77: GROUP A | E77: Mexico | F77: South Africa | G77: 2026-06-11 19:00:00+00 | H77: 3 | I77: 1 | J77: 2026-06-05 16:53:17.199992+00 | K77: =IF(AND(H77=OFICIAL!F2, I77=OFICIAL!G2), 5, 0) -> 0 | L77: =SUM(K77:K148) -> 20
A78: DAMI | B78: 8b15aca3-4ca4-419a-9572-9edfed0ee054 | C78: 9a59f9b3-7047-4415-965f-60027d2b2f14 | D78: GROUP A | E78: South Korea | F78: Czechia | G78: 2026-06-12 02:00:00+00 | H78: 1 | I78: 3 | J78: 2026-06-05 16:53:17.199992+00 | K78: =IF(AND(H78=OFICIAL!F3, I78=OFICIAL!G3), 5, 0) -> 0
A79: DAMI | B79: 8b15aca3-4ca4-419a-9572-9edfed0ee054 | C79: 786a6f9c-ec56-4cd6-8b44-8f0eed147c2b | D79: GROUP B | E79: Canada | F79: Bosnia and Herzegovina | G79: 2026-06-12 19:00:00+00 | H79: 1 | I79: 0 | J79: 2026-06-05 16:54:13.451757+00 | K79: =IF(AND(H79=OFICIAL!F4, I79=OFICIAL!G4), 5, 0) -> 0
A80: DAMI | B80: 8b15aca3-4ca4-419a-9572-9edfed0ee054 | C80: d15b86b6-8131-4eed-9d08-f9941aaab68f | D80: GROUP D | E80: USA | F80: Paraguay | G80: 2026-06-13 01:00:00+00 | H80: 1 | I80: 1 | J80: 2026-06-05 16:55:37.145435+00 | K80: =IF(AND(H80=OFICIAL!F5, I80=OFICIAL!G5), 5, 0) -> 0
A81: DAMI | B81: 8b15aca3-4ca4-419a-9572-9edfed0ee054 | C81: a966c60d-7b80-48d7-aaec-e45f740da490 | D81: GROUP B | E81: Qatar | F81: Switzerland | G81: 2026-06-13 19:00:00+00 | H81: 0 | I81: 0 | J81: 2026-06-05 16:54:13.451757+00 | K81: =IF(AND(H81=OFICIAL!F6, I81=OFICIAL!G6), 5, 0) -> 0
A82: DAMI | B82: 8b15aca3-4ca4-419a-9572-9edfed0ee054 | C82: 6c0c01c5-d0b5-48a7-8066-7c03e4c9935b | D82: GROUP C | E82: Brazil | F82: Morocco | G82: 2026-06-13 22:00:00+00 | H82: 1 | I82: 2 | J82: 2026-06-05 16:54:55.874568+00 | K82: =IF(AND(H82=OFICIAL!F7, I82=OFICIAL!G7), 5, 0) -> 0
A83: DAMI | B83: 8b15aca3-4ca4-419a-9572-9edfed0ee054 | C83: 0d0fecb5-49d5-4ade-893a-c03326a6ed99 | D83: GROUP C | E83: Haiti | F83: Scotland | G83: 2026-06-14 03:00:00+00 | H83: 0 | I83: 2 | J83: 2026-06-05 16:54:55.874568+00 | K83: =IF(AND(H83=OFICIAL!F8, I83=OFICIAL!G8), 5, 0) -> 0
A84: DAMI | B84: 8b15aca3-4ca4-419a-9572-9edfed0ee054 | C84: 9562e7fe-3cc2-468b-8581-dfde5a600be4 | D84: GROUP D | E84: Australia | F84: Türkiye | G84: 2026-06-14 06:00:00+00 | H84: 0 | I84: 2 | J84: 2026-06-05 16:55:37.145435+00 | K84: =IF(AND(H84=OFICIAL!F9, I84=OFICIAL!G9), 5, 0) -> 0
A85: DAMI | B85: 8b15aca3-4ca4-419a-9572-9edfed0ee054 | C85: 5deeae7a-b706-418b-99d7-042ef9ca05e5 | D85: GROUP E | E85: Germany | F85: Curaçao | G85: 2026-06-14 19:00:00+00 | H85: 5 | I85: 0 | J85: 2026-06-05 16:56:12.817288+00 | K85: =IF(AND(H85=OFICIAL!F10, I85=OFICIAL!G10), 5, 0) -> 0
A86: DAMI | B86: 8b15aca3-4ca4-419a-9572-9edfed0ee054 | C86: 0d203b18-162c-4ca1-be32-6bc80bde86a7 | D86: GROUP F | E86: Netherlands | F86: Japan | G86: 2026-06-14 22:00:00+00 | H86: 3 | I86: 1 | J86: 2026-06-05 16:56:47.650995+00 | K86: =IF(AND(H86=OFICIAL!F11, I86=OFICIAL!G11), 5, 0) -> 0
A87: DAMI | B87: 8b15aca3-4ca4-419a-9572-9edfed0ee054 | C87: b7a93904-fd26-43c7-bcf8-1b43f7f69e29 | D87: GROUP E | E87: Ivory Coast | F87: Ecuador | G87: 2026-06-15 01:00:00+00 | H87: 2 | I87: 1 | J87: 2026-06-05 16:56:12.817288+00 | K87: =IF(AND(H87=OFICIAL!F12, I87=OFICIAL!G12), 5, 0) -> 0
A88: DAMI | B88: 8b15aca3-4ca4-419a-9572-9edfed0ee054 | C88: 41eb4eda-5a5f-43cf-bf68-771e0a04b8bd | D88: GROUP F | E88: Sweden | F88: Tunisia | G88: 2026-06-15 04:00:00+00 | H88: 2 | I88: 0 | J88: 2026-06-05 16:56:47.650995+00 | K88: =IF(AND(H88=OFICIAL!F13, I88=OFICIAL!G13), 5, 0) -> 0
A89: DAMI | B89: 8b15aca3-4ca4-419a-9572-9edfed0ee054 | C89: 71fb781e-9423-4cb2-8fa6-e456891f4dd0 | D89: GROUP H | E89: Spain | F89: CAPE VERDE | G89: 2026-06-15 18:00:00+00 | H89: 2 | I89: 0 | J89: 2026-06-05 16:58:28.560498+00 | K89: =IF(AND(H89=OFICIAL!F14, I89=OFICIAL!G14), 5, 0) -> 0
... A148: DAMI | B148: 8b15aca3-4ca4-419a-9572-9edfed0ee054 | C148: 6a93e346-d05d-4f0a-99e2-44659705424f | D148: GROUP J | E148: Algeria | F148: Austria | G148: 2026-06-28 02:00:00+00 | H148: 1 | I148: 2 | J148: 2026-06-05 16:59:43.856507+00 | K148: =IF(AND(H148=OFICIAL!F73, I148=OFICIAL!G73), 5, 0) -> 0
A150: ★ DAVID — 72 partidos
A151: DAVID | B151: 05baa4c9-babb-479e-89ad-a363bb4731e8 | C151: 508fde42-0d95-4deb-bb06-ffe8ed2063df | D151: GROUP A | E151: Mexico | F151: South Africa | G151: 2026-06-11 19:00:00+00 | H151: 2 | I151: 0 | J151: 2026-06-08 18:57:29.21685+00 | K151: =IF(AND(H151=OFICIAL!F2, I151=OFICIAL!G2), 5, 0) -> 5 | L151: =SUM(K151:K222) -> 25
A152: DAVID | B152: 05baa4c9-babb-479e-89ad-a363bb4731e8 | C152: 9a59f9b3-7047-4415-965f-60027d2b2f14 | D152: GROUP A | E152: South Korea | F152: Czechia | G152: 2026-06-12 02:00:00+00 | H152: 1 | I152: 1 | J152: 2026-06-08 18:57:29.21685+00 | K152: =IF(AND(H152=OFICIAL!F3, I152=OFICIAL!G3), 5, 0) -> 0
A153: DAVID | B153: 05baa4c9-babb-479e-89ad-a363bb4731e8 | C153: 786a6f9c-ec56-4cd6-8b44-8f0eed147c2b | D153: GROUP B | E153: Canada | F153: Bosnia and Herzegovina | G153: 2026-06-12 19:00:00+00 | H153: 2 | I153: 1 | J153: 2026-06-08 19:03:16.517508+00 | K153: =IF(AND(H153=OFICIAL!F4, I153=OFICIAL!G4), 5, 0) -> 0
A154: DAVID | B154: 05baa4c9-babb-479e-89ad-a363bb4731e8 | C154: d15b86b6-8131-4eed-9d08-f9941aaab68f | D154: GROUP D | E154: USA | F154: Paraguay | G154: 2026-06-13 01:00:00+00 | H154: 2 | I154: 0 | J154: 2026-06-08 19:06:46.850574+00 | K154: =IF(AND(H154=OFICIAL!F5, I154=OFICIAL!G5), 5, 0) -> 0
A155: DAVID | B155: 05baa4c9-babb-479e-89ad-a363bb4731e8 | C155: a966c60d-7b80-48d7-aaec-e45f740da490 | D155: GROUP B | E155: Qatar | F155: Switzerland | G155: 2026-06-13 19:00:00+00 | H155: 0 | I155: 2 | J155: 2026-06-08 19:03:16.517508+00 | K155: =IF(AND(H155=OFICIAL!F6, I155=OFICIAL!G6), 5, 0) -> 0
A156: DAVID | B156: 05baa4c9-babb-479e-89ad-a363bb4731e8 | C156: 6c0c01c5-d0b5-48a7-8066-7c03e4c9935b | D156: GROUP C | E156: Brazil | F156: Morocco | G156: 2026-06-13 22:00:00+00 | H156: 2 | I156: 1 | J156: 2026-06-08 19:05:38.954804+00 | K156: =IF(AND(H156=OFICIAL!F7, I156=OFICIAL!G7), 5, 0) -> 0
A157: DAVID | B157: 05baa4c9-babb-479e-89ad-a363bb4731e8 | C157: 0d0fecb5-49d5-4ade-893a-c03326a6ed99 | D157: GROUP C | E157: Haiti | F157: Scotland | G157: 2026-06-14 03:00:00+00 | H157: 1 | I157: 1 | J157: 2026-06-08 19:05:38.954804+00 | K157: =IF(AND(H157=OFICIAL!F8, I157=OFICIAL!G8), 5, 0) -> 0
A158: DAVID | B158: 05baa4c9-babb-479e-89ad-a363bb4731e8 | C158: 9562e7fe-3cc2-468b-8581-dfde5a600be4 | D158: GROUP D | E158: Australia | F158: Türkiye | G158: 2026-06-14 06:00:00+00 | H158: 1 | I158: 1 | J158: 2026-06-08 19:06:46.850574+00 | K158: =IF(AND(H158=OFICIAL!F9, I158=OFICIAL!G9), 5, 0) -> 0
A159: DAVID | B159: 05baa4c9-babb-479e-89ad-a363bb4731e8 | C159: 5deeae7a-b706-418b-99d7-042ef9ca05e5 | D159: GROUP E | E159: Germany | F159: Curaçao | G159: 2026-06-14 19:00:00+00 | H159: 3 | I159: 0 | J159: 2026-06-08 19:09:27.561013+00 | K159: =IF(AND(H159=OFICIAL!F10, I159=OFICIAL!G10), 5, 0) -> 0
A160: DAVID | B160: 05baa4c9-babb-479e-89ad-a363bb4731e8 | C160: 0d203b18-162c-4ca1-be32-6bc80bde86a7 | D160: GROUP F | E160: Netherlands | F160: Japan | G160: 2026-06-14 22:00:00+00 | H160: 2 | I160: 1 | J160: 2026-06-08 19:10:52.164185+00 | K160: =IF(AND(H160=OFICIAL!F11, I160=OFICIAL!G11), 5, 0) -> 0
A161: DAVID | B161: 05baa4c9-babb-479e-89ad-a363bb4731e8 | C161: b7a93904-fd26-43c7-bcf8-1b43f7f69e29 | D161: GROUP E | E161: Ivory Coast | F161: Ecuador | G161: 2026-06-15 01:00:00+00 | H161: 1 | I161: 1 | J161: 2026-06-08 19:09:27.561013+00 | K161: =IF(AND(H161=OFICIAL!F12, I161=OFICIAL!G12), 5, 0) -> 0
A162: DAVID | B162: 05baa4c9-babb-479e-89ad-a363bb4731e8 | C162: 41eb4eda-5a5f-43cf-bf68-771e0a04b8bd | D162: GROUP F | E162: Sweden | F162: Tunisia | G162: 2026-06-15 04:00:00+00 | H162: 1 | I162: 0 | J162: 2026-06-08 19:10:52.164185+00 | K162: =IF(AND(H162=OFICIAL!F13, I162=OFICIAL!G13), 5, 0) -> 0
A163: DAVID | B163: 05baa4c9-babb-479e-89ad-a363bb4731e8 | C163: 71fb781e-9423-4cb2-8fa6-e456891f4dd0 | D163: GROUP H | E163: Spain | F163: CAPE VERDE | G163: 2026-06-15 18:00:00+00 | H163: 2 | I163: 0 | J163: 2026-06-08 19:16:05.369841+00 | K163: =IF(AND(H163=OFICIAL!F14, I163=OFICIAL!G14), 5, 0) -> 0
... A222: DAVID | B222: 05baa4c9-babb-479e-89ad-a363bb4731e8 | C222: 6a93e346-d05d-4f0a-99e2-44659705424f | D222: GROUP J | E222: Algeria | F222: Austria | G222: 2026-06-28 02:00:00+00 | H222: 1 | I222: 2 | J222: 2026-06-08 19:20:05.986944+00 | K222: =IF(AND(H222=OFICIAL!F73, I222=OFICIAL!G73), 5, 0) -> 0
A224: ★ F3ROMONAS — 72 partidos
A225: F3ROMONAS | B225: 1e120ca7-b652-4e3d-9e05-a35fb495a661 | C225: 508fde42-0d95-4deb-bb06-ffe8ed2063df | D225: GROUP A | E225: Mexico | F225: South Africa | G225: 2026-06-11 19:00:00+00 | H225: 2 | I225: 0 | J225: 2026-06-11 18:50:37.162676+00 | K225: =IF(AND(H225=OFICIAL!F2, I225=OFICIAL!G2), 5, 0) -> 5 | L225: =SUM(K225:K296) -> 30
A226: F3ROMONAS | B226: 1e120ca7-b652-4e3d-9e05-a35fb495a661 | C226: 9a59f9b3-7047-4415-965f-60027d2b2f14 | D226: GROUP A | E226: South Korea | F226: Czechia | G226: 2026-06-12 02:00:00+00 | H226: 1 | I226: 1 | J226: 2026-06-11 18:50:37.162676+00 | K226: =IF(AND(H226=OFICIAL!F3, I226=OFICIAL!G3), 5, 0) -> 0
A227: F3ROMONAS | B227: 1e120ca7-b652-4e3d-9e05-a35fb495a661 | C227: 786a6f9c-ec56-4cd6-8b44-8f0eed147c2b | D227: GROUP B | E227: Canada | F227: Bosnia and Herzegovina | G227: 2026-06-12 19:00:00+00 | H227: 2 | I227: 1 | J227: 2026-06-11 18:52:45.063291+00 | K227: =IF(AND(H227=OFICIAL!F4, I227=OFICIAL!G4), 5, 0) -> 0
A228: F3ROMONAS | B228: 1e120ca7-b652-4e3d-9e05-a35fb495a661 | C228: d15b86b6-8131-4eed-9d08-f9941aaab68f | D228: GROUP D | E228: USA | F228: Paraguay | G228: 2026-06-13 01:00:00+00 | H228: 2 | I228: 1 | J228: 2026-06-11 18:55:50.429639+00 | K228: =IF(AND(H228=OFICIAL!F5, I228=OFICIAL!G5), 5, 0) -> 0
A229: F3ROMONAS | B229: 1e120ca7-b652-4e3d-9e05-a35fb495a661 | C229: a966c60d-7b80-48d7-aaec-e45f740da490 | D229: GROUP B | E229: Qatar | F229: Switzerland | G229: 2026-06-13 19:00:00+00 | H229: 0 | I229: 2 | J229: 2026-06-11 18:52:45.063291+00 | K229: =IF(AND(H229=OFICIAL!F6, I229=OFICIAL!G6), 5, 0) -> 0
A230: F3ROMONAS | B230: 1e120ca7-b652-4e3d-9e05-a35fb495a661 | C230: 6c0c01c5-d0b5-48a7-8066-7c03e4c9935b | D230: GROUP C | E230: Brazil | F230: Morocco | G230: 2026-06-13 22:00:00+00 | H230: 2 | I230: 1 | J230: 2026-06-11 18:54:03.054396+00 | K230: =IF(AND(H230=OFICIAL!F7, I230=OFICIAL!G7), 5, 0) -> 0
A231: F3ROMONAS | B231: 1e120ca7-b652-4e3d-9e05-a35fb495a661 | C231: 0d0fecb5-49d5-4ade-893a-c03326a6ed99 | D231: GROUP C | E231: Haiti | F231: Scotland | G231: 2026-06-14 03:00:00+00 | H231: 0 | I231: 2 | J231: 2026-06-11 18:54:03.054396+00 | K231: =IF(AND(H231=OFICIAL!F8, I231=OFICIAL!G8), 5, 0) -> 0
A232: F3ROMONAS | B232: 1e120ca7-b652-4e3d-9e05-a35fb495a661 | C232: 9562e7fe-3cc2-468b-8581-dfde5a600be4 | D232: GROUP D | E232: Australia | F232: Türkiye | G232: 2026-06-14 06:00:00+00 | H232: 1 | I232: 2 | J232: 2026-06-11 18:55:50.429639+00 | K232: =IF(AND(H232=OFICIAL!F9, I232=OFICIAL!G9), 5, 0) -> 0
A233: F3ROMONAS | B233: 1e120ca7-b652-4e3d-9e05-a35fb495a661 | C233: 5deeae7a-b706-418b-99d7-042ef9ca05e5 | D233: GROUP E | E233: Germany | F233: Curaçao | G233: 2026-06-14 19:00:00+00 | H233: 4 | I233: 0 | J233: 2026-06-11 18:57:09.021387+00 | K233: =IF(AND(H233=OFICIAL!F10, I233=OFICIAL!G10), 5, 0) -> 0
A234: F3ROMONAS | B234: 1e120ca7-b652-4e3d-9e05-a35fb495a661 | C234: 0d203b18-162c-4ca1-be32-6bc80bde86a7 | D234: GROUP F | E234: Netherlands | F234: Japan | G234: 2026-06-14 22:00:00+00 | H234: 1 | I234: 1 | J234: 2026-06-11 18:58:29.420728+00 | K234: =IF(AND(H234=OFICIAL!F11, I234=OFICIAL!G11), 5, 0) -> 0
A235: F3ROMONAS | B235: 1e120ca7-b652-4e3d-9e05-a35fb495a661 | C235: b7a93904-fd26-43c7-bcf8-1b43f7f69e29 | D235: GROUP E | E235: Ivory Coast | F235: Ecuador | G235: 2026-06-15 01:00:00+00 | H235: 1 | I235: 1 | J235: 2026-06-11 18:57:09.021387+00 | K235: =IF(AND(H235=OFICIAL!F12, I235=OFICIAL!G12), 5, 0) -> 0
A236: F3ROMONAS | B236: 1e120ca7-b652-4e3d-9e05-a35fb495a661 | C236: 41eb4eda-5a5f-43cf-bf68-771e0a04b8bd | D236: GROUP F | E236: Sweden | F236: Tunisia | G236: 2026-06-15 04:00:00+00 | H236: 1 | I236: 0 | J236: 2026-06-11 18:58:29.420728+00 | K236: =IF(AND(H236=OFICIAL!F13, I236=OFICIAL!G13), 5, 0) -> 0
A237: F3ROMONAS | B237: 1e120ca7-b652-4e3d-9e05-a35fb495a661 | C237: 71fb781e-9423-4cb2-8fa6-e456891f4dd0 | D237: GROUP H | E237: Spain | F237: CAPE VERDE | G237: 2026-06-15 18:00:00+00 | H237: 3 | I237: 0 | J237: 2026-06-11 19:01:30.564769+00 | K237: =IF(AND(H237=OFICIAL!F14, I237=OFICIAL!G14), 5, 0) -> 0
... A296: F3ROMONAS | B296: 1e120ca7-b652-4e3d-9e05-a35fb495a661 | C296: 9e7260c6-f6f7-4f3b-b3c2-aad3fd15d45b | D296: GROUP J | E296: Jordan | F296: Argentina | G296: 2026-06-28 02:00:00+00 | H296: 0 | I296: 3 | J296: 2026-06-11 19:04:21.163075+00 | K296: =IF(AND(H296=OFICIAL!F73, I296=OFICIAL!G73), 5, 0) -> 0
A298: ★ GUILLERMO — 72 partidos
A299: GUILLERMO | B299: 713d8068-0c77-4e2a-a816-a9ce4b9f9564 | C299: 508fde42-0d95-4deb-bb06-ffe8ed2063df | D299: GROUP A | E299: Mexico | F299: South Africa | G299: 2026-06-11 19:00:00+00 | H299: 3 | I299: 0 | J299: 2026-06-11 18:35:16.472231+00 | K299: =IF(AND(H299=OFICIAL!F2, I299=OFICIAL!G2), 5, 0) -> 0 | L299: =SUM(K299:K370) -> 30
A300: GUILLERMO | B300: 713d8068-0c77-4e2a-a816-a9ce4b9f9564 | C300: 9a59f9b3-7047-4415-965f-60027d2b2f14 | D300: GROUP A | E300: South Korea | F300: Czechia | G300: 2026-06-12 02:00:00+00 | H300: 2 | I300: 1 | J300: 2026-06-11 18:35:16.472231+00 | K300: =IF(AND(H300=OFICIAL!F3, I300=OFICIAL!G3), 5, 0) -> 5
A301: GUILLERMO | B301: 713d8068-0c77-4e2a-a816-a9ce4b9f9564 | C301: 786a6f9c-ec56-4cd6-8b44-8f0eed147c2b | D301: GROUP B | E301: Canada | F301: Bosnia and Herzegovina | G301: 2026-06-12 19:00:00+00 | H301: 1 | I301: 0 | J301: 2026-06-11 18:37:06.785362+00 | K301: =IF(AND(H301=OFICIAL!F4, I301=OFICIAL!G4), 5, 0) -> 0
A302: GUILLERMO | B302: 713d8068-0c77-4e2a-a816-a9ce4b9f9564 | C302: d15b86b6-8131-4eed-9d08-f9941aaab68f | D302: GROUP D | E302: USA | F302: Paraguay | G302: 2026-06-13 01:00:00+00 | H302: 2 | I302: 2 | J302: 2026-06-11 18:42:10.000249+00 | K302: =IF(AND(H302=OFICIAL!F5, I302=OFICIAL!G5), 5, 0) -> 0
A303: GUILLERMO | B303: 713d8068-0c77-4e2a-a816-a9ce4b9f9564 | C303: a966c60d-7b80-48d7-aaec-e45f740da490 | D303: GROUP B | E303: Qatar | F303: Switzerland | G303: 2026-06-13 19:00:00+00 | H303: 2 | I303: 1 | J303: 2026-06-11 18:37:06.785362+00 | K303: =IF(AND(H303=OFICIAL!F6, I303=OFICIAL!G6), 5, 0) -> 0
A304: GUILLERMO | B304: 713d8068-0c77-4e2a-a816-a9ce4b9f9564 | C304: 6c0c01c5-d0b5-48a7-8066-7c03e4c9935b | D304: GROUP C | E304: Brazil | F304: Morocco | G304: 2026-06-13 22:00:00+00 | H304: 2 | I304: 1 | J304: 2026-06-11 18:40:07.131748+00 | K304: =IF(AND(H304=OFICIAL!F7, I304=OFICIAL!G7), 5, 0) -> 0
A305: GUILLERMO | B305: 713d8068-0c77-4e2a-a816-a9ce4b9f9564 | C305: 0d0fecb5-49d5-4ade-893a-c03326a6ed99 | D305: GROUP C | E305: Haiti | F305: Scotland | G305: 2026-06-14 03:00:00+00 | H305: 0 | I305: 1 | J305: 2026-06-11 18:40:07.131748+00 | K305: =IF(AND(H305=OFICIAL!F8, I305=OFICIAL!G8), 5, 0) -> 5
A306: GUILLERMO | B306: 713d8068-0c77-4e2a-a816-a9ce4b9f9564 | C306: 9562e7fe-3cc2-468b-8581-dfde5a600be4 | D306: GROUP D | E306: Australia | F306: Türkiye | G306: 2026-06-14 06:00:00+00 | H306: 0 | I306: 2 | J306: 2026-06-11 18:42:10.000249+00 | K306: =IF(AND(H306=OFICIAL!F9, I306=OFICIAL!G9), 5, 0) -> 0
A307: GUILLERMO | B307: 713d8068-0c77-4e2a-a816-a9ce4b9f9564 | C307: 5deeae7a-b706-418b-99d7-042ef9ca05e5 | D307: GROUP E | E307: Germany | F307: Curaçao | G307: 2026-06-14 19:00:00+00 | H307: 3 | I307: 0 | J307: 2026-06-11 18:44:20.270131+00 | K307: =IF(AND(H307=OFICIAL!F10, I307=OFICIAL!G10), 5, 0) -> 0
A308: GUILLERMO | B308: 713d8068-0c77-4e2a-a816-a9ce4b9f9564 | C308: 0d203b18-162c-4ca1-be32-6bc80bde86a7 | D308: GROUP F | E308: Netherlands | F308: Japan | G308: 2026-06-14 22:00:00+00 | H308: 2 | I308: 2 | J308: 2026-06-11 18:46:55.703919+00 | K308: =IF(AND(H308=OFICIAL!F11, I308=OFICIAL!G11), 5, 0) -> 5
A309: GUILLERMO | B309: 713d8068-0c77-4e2a-a816-a9ce4b9f9564 | C309: b7a93904-fd26-43c7-bcf8-1b43f7f69e29 | D309: GROUP E | E309: Ivory Coast | F309: Ecuador | G309: 2026-06-15 01:00:00+00 | H309: 0 | I309: 1 | J309: 2026-06-11 18:44:20.270131+00 | K309: =IF(AND(H309=OFICIAL!F12, I309=OFICIAL!G12), 5, 0) -> 0
A310: GUILLERMO | B310: 713d8068-0c77-4e2a-a816-a9ce4b9f9564 | C310: 41eb4eda-5a5f-43cf-bf68-771e0a04b8bd | D310: GROUP F | E310: Sweden | F310: Tunisia | G310: 2026-06-15 04:00:00+00 | H310: 3 | I310: 2 | J310: 2026-06-11 18:46:55.703919+00 | K310: =IF(AND(H310=OFICIAL!F13, I310=OFICIAL!G13), 5, 0) -> 0
A311: GUILLERMO | B311: 713d8068-0c77-4e2a-a816-a9ce4b9f9564 | C311: 71fb781e-9423-4cb2-8fa6-e456891f4dd0 | D311: GROUP H | E311: Spain | F311: CAPE VERDE | G311: 2026-06-15 18:00:00+00 | H311: 4 | I311: 0 | J311: 2026-06-11 18:51:07.75081+00 | K311: =IF(AND(H311=OFICIAL!F14, I311=OFICIAL!G14), 5, 0) -> 0
... A370: GUILLERMO | B370: 713d8068-0c77-4e2a-a816-a9ce4b9f9564 | C370: 9e7260c6-f6f7-4f3b-b3c2-aad3fd15d45b | D370: GROUP J | E370: Jordan | F370: Argentina | G370: 2026-06-28 02:00:00+00 | H370: 1 | I370: 3 | J370: 2026-06-11 18:54:02.703056+00 | K370: =IF(AND(H370=OFICIAL!F73, I370=OFICIAL!G73), 5, 0) -> 0
A372: ★ JMONSALV — 72 partidos
A373: JMONSALV | B373: 89e5b4b5-385c-4eca-b932-3938537a170a | C373: 508fde42-0d95-4deb-bb06-ffe8ed2063df | D373: GROUP A | E373: Mexico | F373: South Africa | G373: 2026-06-11 19:00:00+00 | H373: 2 | I373: 1 | J373: 2026-06-11 08:49:41.281048+00 | K373: =IF(AND(H373=OFICIAL!F2, I373=OFICIAL!G2), 5, 0) -> 0 | L373: =SUM(K373:K444) -> 15
A374: JMONSALV | B374: 89e5b4b5-385c-4eca-b932-3938537a170a | C374: 9a59f9b3-7047-4415-965f-60027d2b2f14 | D374: GROUP A | E374: South Korea | F374: Czechia | G374: 2026-06-12 02:00:00+00 | H374: 1 | I374: 2 | J374: 2026-06-11 08:49:41.281048+00 | K374: =IF(AND(H374=OFICIAL!F3, I374=OFICIAL!G3), 5, 0) -> 0
A375: JMONSALV | B375: 89e5b4b5-385c-4eca-b932-3938537a170a | C375: 786a6f9c-ec56-4cd6-8b44-8f0eed147c2b | D375: GROUP B | E375: Canada | F375: Bosnia and Herzegovina | G375: 2026-06-12 19:00:00+00 | H375: 1 | I375: 1 | J375: 2026-06-11 08:50:35.968574+00 | K375: =IF(AND(H375=OFICIAL!F4, I375=OFICIAL!G4), 5, 0) -> 5
A376: JMONSALV | B376: 89e5b4b5-385c-4eca-b932-3938537a170a | C376: d15b86b6-8131-4eed-9d08-f9941aaab68f | D376: GROUP D | E376: USA | F376: Paraguay | G376: 2026-06-13 01:00:00+00 | H376: 1 | I376: 1 | J376: 2026-06-11 08:52:20.274129+00 | K376: =IF(AND(H376=OFICIAL!F5, I376=OFICIAL!G5), 5, 0) -> 0
A377: JMONSALV | B377: 89e5b4b5-385c-4eca-b932-3938537a170a | C377: a966c60d-7b80-48d7-aaec-e45f740da490 | D377: GROUP B | E377: Qatar | F377: Switzerland | G377: 2026-06-13 19:00:00+00 | H377: 0 | I377: 2 | J377: 2026-06-11 08:50:35.968574+00 | K377: =IF(AND(H377=OFICIAL!F6, I377=OFICIAL!G6), 5, 0) -> 0
A378: JMONSALV | B378: 89e5b4b5-385c-4eca-b932-3938537a170a | C378: 6c0c01c5-d0b5-48a7-8066-7c03e4c9935b | D378: GROUP C | E378: Brazil | F378: Morocco | G378: 2026-06-13 22:00:00+00 | H378: 2 | I378: 1 | J378: 2026-06-11 08:51:26.300133+00 | K378: =IF(AND(H378=OFICIAL!F7, I378=OFICIAL!G7), 5, 0) -> 0
A379: JMONSALV | B379: 89e5b4b5-385c-4eca-b932-3938537a170a | C379: 0d0fecb5-49d5-4ade-893a-c03326a6ed99 | D379: GROUP C | E379: Haiti | F379: Scotland | G379: 2026-06-14 03:00:00+00 | H379: 0 | I379: 2 | J379: 2026-06-11 08:51:26.300133+00 | K379: =IF(AND(H379=OFICIAL!F8, I379=OFICIAL!G8), 5, 0) -> 0
A380: JMONSALV | B380: 89e5b4b5-385c-4eca-b932-3938537a170a | C380: 9562e7fe-3cc2-468b-8581-dfde5a600be4 | D380: GROUP D | E380: Australia | F380: Türkiye | G380: 2026-06-14 06:00:00+00 | H380: 1 | I380: 2 | J380: 2026-06-11 08:52:20.274129+00 | K380: =IF(AND(H380=OFICIAL!F9, I380=OFICIAL!G9), 5, 0) -> 0
A381: JMONSALV | B381: 89e5b4b5-385c-4eca-b932-3938537a170a | C381: 5deeae7a-b706-418b-99d7-042ef9ca05e5 | D381: GROUP E | E381: Germany | F381: Curaçao | G381: 2026-06-14 19:00:00+00 | H381: 3 | I381: 0 | J381: 2026-06-11 08:53:06.052764+00 | K381: =IF(AND(H381=OFICIAL!F10, I381=OFICIAL!G10), 5, 0) -> 0
A382: JMONSALV | B382: 89e5b4b5-385c-4eca-b932-3938537a170a | C382: 0d203b18-162c-4ca1-be32-6bc80bde86a7 | D382: GROUP F | E382: Netherlands | F382: Japan | G382: 2026-06-14 22:00:00+00 | H382: 2 | I382: 0 | J382: 2026-06-11 08:53:49.40281+00 | K382: =IF(AND(H382=OFICIAL!F11, I382=OFICIAL!G11), 5, 0) -> 0
A383: JMONSALV | B383: 89e5b4b5-385c-4eca-b932-3938537a170a | C383: b7a93904-fd26-43c7-bcf8-1b43f7f69e29 | D383: GROUP E | E383: Ivory Coast | F383: Ecuador | G383: 2026-06-15 01:00:00+00 | H383: 0 | I383: 2 | J383: 2026-06-11 08:53:06.052764+00 | K383: =IF(AND(H383=OFICIAL!F12, I383=OFICIAL!G12), 5, 0) -> 0
A384: JMONSALV | B384: 89e5b4b5-385c-4eca-b932-3938537a170a | C384: 41eb4eda-5a5f-43cf-bf68-771e0a04b8bd | D384: GROUP F | E384: Sweden | F384: Tunisia | G384: 2026-06-15 04:00:00+00 | H384: 2 | I384: 0 | J384: 2026-06-11 08:53:49.40281+00 | K384: =IF(AND(H384=OFICIAL!F13, I384=OFICIAL!G13), 5, 0) -> 0
A385: JMONSALV | B385: 89e5b4b5-385c-4eca-b932-3938537a170a | C385: 71fb781e-9423-4cb2-8fa6-e456891f4dd0 | D385: GROUP H | E385: Spain | F385: CAPE VERDE | G385: 2026-06-15 18:00:00+00 | H385: 3 | I385: 0 | J385: 2026-06-11 08:55:13.196233+00 | K385: =IF(AND(H385=OFICIAL!F14, I385=OFICIAL!G14), 5, 0) -> 0
... A444: JMONSALV | B444: 89e5b4b5-385c-4eca-b932-3938537a170a | C444: 9e7260c6-f6f7-4f3b-b3c2-aad3fd15d45b | D444: GROUP J | E444: Jordan | F444: Argentina | G444: 2026-06-28 02:00:00+00 | H444: 1 | I444: 2 | J444: 2026-06-11 08:56:41.530228+00 | K444: =IF(AND(H444=OFICIAL!F73, I444=OFICIAL!G73), 5, 0) -> 0
A446: ★ JTORRESM — 72 partidos
A447: JTORRESM | B447: 4cddd374-e56f-40c3-8b51-f02b14da3dc7 | C447: 508fde42-0d95-4deb-bb06-ffe8ed2063df | D447: GROUP A | E447: Mexico | F447: South Africa | G447: 2026-06-11 19:00:00+00 | H447: 1 | I447: 0 | J447: 2026-06-11 07:21:44.093232+00 | K447: =IF(AND(H447=OFICIAL!F2,I447=OFICIAL!G2), 5, 0) -> 0 | L447: =SUM(K447:K518) -> 25
A448: JTORRESM | B448: 4cddd374-e56f-40c3-8b51-f02b14da3dc7 | C448: 9a59f9b3-7047-4415-965f-60027d2b2f14 | D448: GROUP A | E448: South Korea | F448: Czechia | G448: 2026-06-12 02:00:00+00 | H448: 1 | I448: 0 | J448: 2026-06-11 07:21:44.093232+00 | K448: =IF(AND(H448=OFICIAL!F3,I448=OFICIAL!G3), 5, 0) -> 0
A449: JTORRESM | B449: 4cddd374-e56f-40c3-8b51-f02b14da3dc7 | C449: 786a6f9c-ec56-4cd6-8b44-8f0eed147c2b | D449: GROUP B | E449: Canada | F449: Bosnia and Herzegovina | G449: 2026-06-12 19:00:00+00 | H449: 1 | I449: 1 | J449: 2026-06-11 07:24:59.66334+00 | K449: =IF(AND(H449=OFICIAL!F4,I449=OFICIAL!G4), 5, 0) -> 5
A450: JTORRESM | B450: 4cddd374-e56f-40c3-8b51-f02b14da3dc7 | C450: d15b86b6-8131-4eed-9d08-f9941aaab68f | D450: GROUP D | E450: USA | F450: Paraguay | G450: 2026-06-13 01:00:00+00 | H450: 0 | I450: 0 | J450: 2026-06-11 07:28:48.614454+00 | K450: =IF(AND(H450=OFICIAL!F5,I450=OFICIAL!G5), 5, 0) -> 0
A451: JTORRESM | B451: 4cddd374-e56f-40c3-8b51-f02b14da3dc7 | C451: a966c60d-7b80-48d7-aaec-e45f740da490 | D451: GROUP B | E451: Qatar | F451: Switzerland | G451: 2026-06-13 19:00:00+00 | H451: 1 | I451: 2 | J451: 2026-06-11 07:24:59.66334+00 | K451: =IF(AND(H451=OFICIAL!F6,I451=OFICIAL!G6), 5, 0) -> 0
A452: JTORRESM | B452: 4cddd374-e56f-40c3-8b51-f02b14da3dc7 | C452: 6c0c01c5-d0b5-48a7-8066-7c03e4c9935b | D452: GROUP C | E452: Brazil | F452: Morocco | G452: 2026-06-13 22:00:00+00 | H452: 1 | I452: 0 | J452: 2026-06-11 07:26:52.693074+00 | K452: =IF(AND(H452=OFICIAL!F7,I452=OFICIAL!G7), 5, 0) -> 0
A453: JTORRESM | B453: 4cddd374-e56f-40c3-8b51-f02b14da3dc7 | C453: 0d0fecb5-49d5-4ade-893a-c03326a6ed99 | D453: GROUP C | E453: Haiti | F453: Scotland | G453: 2026-06-14 03:00:00+00 | H453: 0 | I453: 2 | J453: 2026-06-11 07:26:52.693074+00 | K453: =IF(AND(H453=OFICIAL!F8,I453=OFICIAL!G8), 5, 0) -> 0
A454: JTORRESM | B454: 4cddd374-e56f-40c3-8b51-f02b14da3dc7 | C454: 9562e7fe-3cc2-468b-8581-dfde5a600be4 | D454: GROUP D | E454: Australia | F454: Türkiye | G454: 2026-06-14 06:00:00+00 | H454: 0 | I454: 2 | J454: 2026-06-11 07:28:48.614454+00 | K454: =IF(AND(H454=OFICIAL!F9,I454=OFICIAL!G9), 5, 0) -> 0
...

Sheet Pronósticos_extra
A1: username | B1: best_player | C1: top_scorer | D1: best_keeper | E1: best_young | F1: fair_play | G1: Puntuación TOTAL
A2: AESCOBARA | B2: Kylian Mbappé (FRANCE) | C2: Harry Kane (ENGLAND) | D2: Mike Maignan (FRANCE) | E2: Lamine Yamal (SPAIN) | F2: JAPAN | G2: {=SUMPRODUCT(--(B2:F2=OFICIAL!K2:O2)) * 10} -> 0
A3: DAMI | B3: Michael Olise (FRANCE) | C3: KYLIAN MBAPPÉ (FRANCE) | D3: Yassine Bounou (MOROCCO) | E3: LAMINE YAMAL (SPAIN) | F3: USA | G3: {=SUMPRODUCT(--(B3:F3=OFICIAL!K2:O2)) * 10} -> 0
A4: DAVID | B4: Lamine Yamal (SPAIN) | C4: Kylian Mbappé (FRANCE) | D4: Emiliano Martínez (ARGENTINA) | E4: Lamine Yamal (SPAIN) | F4: JAPAN | G4: {=SUMPRODUCT(--(B4:F4=OFICIAL!K2:O2)) * 10} -> 0
A5: F3ROMONAS | B5: Lamine Yamal (SPAIN) | C5: Raphinha (BRAZIL) | D5: Unai Simón (SPAIN) | E5: Lamine Yamal (SPAIN) | F5: SPAIN | G5: {=SUMPRODUCT(--(B5:F5=OFICIAL!K2:O2)) * 10} -> 0
A6: GUILLERMO | B6: Lionel Messi (ARGENTINA) | C6: Kylian Mbappé (FRANCE) | D6: Emiliano Martínez (ARGENTINA) | E6: Lamine Yamal (SPAIN) | F6: GERMANY | G6: {=SUMPRODUCT(--(B6:F6=OFICIAL!K2:O2)) * 10} -> 0
A7: JMONSALV | B7: Lamine Yamal (SPAIN) | C7: Kylian Mbappé (FRANCE) | D7: Thibaut Courtois (BELGIUM) | E7: Lamine Yamal (SPAIN) | F7: SPAIN | G7: {=SUMPRODUCT(--(B7:F7=OFICIAL!K2:O2)) * 10} -> 0
A8: JTORRESM | B8: Kylian Mbappé (FRANCE) | C8: Harry Kane (ENGLAND) | D8: Unai Simón (SPAIN) | E8: Lamine Yamal (SPAIN) | F8: CURAÇAO | G8: {=SUMPRODUCT(--(B8:F8=OFICIAL!K2:O2)) * 10} -> 0
A9: Mike | B9: Raphinha (BRAZIL) | C9: Kylian Mbappé (FRANCE) | D9: Joan Garcia (SPAIN) | E9: Lamine Yamal (SPAIN) | F9: SPAIN | G9: {=SUMPRODUCT(--(B9:F9=OFICIAL!K2:O2)) * 10} -> 0
A10: SERGICM | B10: LAMINE YAMAL (SPAIN) | C10: KYLIAN MBAPPÉ (FRANCE) | D10: DIOGO COSTA (PORTUGAL) | E10: LAMINE YAMAL (SPAIN) | F10: USA | G10: {=SUMPRODUCT(--(B10:F10=OFICIAL!K2:O2)) * 10} -> 0
A11: TIBURON ROCA | B11: LAMINE YAMAL (SPAIN) | C11: HARRY KANE (ENGLAND) | D11: JORDAN PICKFORD (ENGLAND) | E11: LAMINE YAMAL (SPAIN) | F11: SAUDI ARABIA | G11: {=SUMPRODUCT(--(B11:F11=OFICIAL!K2:O2)) * 10} -> 0

Sheet De_16_hasta_el_pódium
A1: username | B1: match_id | C1: selected_team | D1: fecha_pronostico | E1: Puntos | F1: TOTAL | J1: =IF(COUNTIF(OFICIAL!$C$90:$D$97, H1) > 0, 1, 0) -> 0
A2: ★ AESCOBARA
A3: AESCOBARA | B3: 89_local | C3: Germany | D3: 2026-06-09 17:03:42.300698+00 | E3: =IF(COUNTIF(OFICIAL!$C$90:$D$97, C3) > 0, 2, 0) -> 0 | F3: =SUM(E3:E38) -> 0
A4: AESCOBARA | B4: 89_visitante | C4: France | D4: 2026-06-09 17:03:44.814999+00 | E4: =IF(COUNTIF(OFICIAL!$C$90:$D$97, C4) > 0, 2, 0) -> 0
A5: AESCOBARA | B5: 90_local | C5: Canada | D5: 2026-06-09 17:03:48.135951+00 | E5: =IF(COUNTIF(OFICIAL!$C$90:$D$97, C5) > 0, 2, 0) -> 0
A6: AESCOBARA | B6: 90_visitante | C6: Netherlands | D6: 2026-06-09 17:03:50.611728+00 | E6: =IF(COUNTIF(OFICIAL!$C$90:$D$97, C6) > 0, 2, 0) -> 0
A7: AESCOBARA | B7: 91_local | C7: Brazil | D7: 2026-06-09 17:03:52.878265+00 | E7: =IF(COUNTIF(OFICIAL!$C$90:$D$97, C7) > 0, 2, 0) -> 0
A8: AESCOBARA | B8: 91_visitante | C8: Senegal | D8: 2026-06-11 13:57:15.931141+00 | E8: =IF(COUNTIF(OFICIAL!$C$90:$D$97, C8) > 0, 2, 0) -> 0
A9: AESCOBARA | B9: 92_local | C9: Mexico | D9: 2026-06-11 13:57:15.931092+00 | E9: =IF(COUNTIF(OFICIAL!$C$90:$D$97, C9) > 0, 2, 0) -> 0
A10: AESCOBARA | B10: 92_visitante | C10: England | D10: 2026-06-11 13:57:15.931202+00 | E10: =IF(COUNTIF(OFICIAL!$C$90:$D$97, C10) > 0, 2, 0) -> 0
A11: AESCOBARA | B11: 93_local | C11: Portugal | D11: 2026-06-11 13:57:23.215508+00 | E11: =IF(COUNTIF(OFICIAL!$C$90:$D$97, C11) > 0, 2, 0) -> 0
A12: AESCOBARA | B12: 93_visitante | C12: Spain | D12: 2026-06-11 13:57:25.028764+00 | E12: =IF(COUNTIF(OFICIAL!$C$90:$D$97, C12) > 0, 2, 0) -> 0
A13: AESCOBARA | B13: 94_local | C13: USA | D13: 2026-06-11 13:57:29.044404+00 | E13: =IF(COUNTIF(OFICIAL!$C$90:$D$97, C13) > 0, 2, 0) -> 0
A14: AESCOBARA | B14: 94_visitante | C14: Belgium | D14: 2026-06-11 13:57:31.896886+00 | E14: =IF(COUNTIF(OFICIAL!$C$90:$D$97, C14) > 0, 2, 0) -> 0
A15: AESCOBARA | B15: 95_local | C15: Switzerland | D15: 2026-06-11 13:57:35.564172+00 | E15: =IF(COUNTIF(OFICIAL!$C$90:$D$97, C15) > 0, 2, 0) -> 0
... A18: AESCOBARA | B18: 96_visitante | C18: Egypt | D18: 2026-06-11 13:58:15.08989+00 | E18: =IF(COUNTIF(OFICIAL!$C$90:$D$97, C18) > 0, 2, 0) -> 0
A19: AESCOBARA | B19: 97_local | C19: France | D19: 2026-06-11 13:58:23.571405+00 | E19: =IF(COUNTIF(OFICIAL!$C$98:$D$101, C19) > 0, 4, 0) -> 0
A20: AESCOBARA | B20: 97_visitante | C20: Netherlands | D20: 2026-06-11 13:58:26.961855+00 | E20: =IF(COUNTIF(OFICIAL!$C$98:$D$101, C20) > 0, 4, 0) -> 0
A21: AESCOBARA | B21: 98_local | C21: Brazil | D21: 2026-06-11 13:58:30.195179+00 | E21: =IF(COUNTIF(OFICIAL!$C$98:$D$101, C21) > 0, 4, 0) -> 0
A22: AESCOBARA | B22: 98_visitante | C22: England | D22: 2026-06-11 13:58:32.939704+00 | E22: =IF(COUNTIF(OFICIAL!$C$98:$D$101, C22) > 0, 4, 0) -> 0
A23: AESCOBARA | B23: 99_local | C23: Spain | D23: 2026-06-11 13:58:36.402938+00 | E23: =IF(COUNTIF(OFICIAL!$C$98:$D$101, C23) > 0, 4, 0) -> 0
A24: AESCOBARA | B24: 99_visitante | C24: USA | D24: 2026-06-11 13:58:56.935294+00 | E24: =IF(COUNTIF(OFICIAL!$C$98:$D$101, C24) > 0, 4, 0) -> 0
A25: AESCOBARA | B25: 100_local | C25: Argentina | D25: 2026-06-11 13:59:12.398676+00 | E25: =IF(COUNTIF(OFICIAL!$C$98:$D$101, C25) > 0, 4, 0) -> 0
A26: AESCOBARA | B26: 100_visitante | C26: Colombia | D26: 2026-06-11 13:59:19.863218+00 | E26: =IF(COUNTIF(OFICIAL!$C$98:$D$101, C26) > 0, 4, 0) -> 0
A27: AESCOBARA | B27: 101_local | C27: France | D27: 2026-06-11 13:59:25.541662+00 | E27: =IF(COUNTIF(OFICIAL!$C$102:$D$103, C27) > 0, 8, 0) -> 0
A28: AESCOBARA | B28: 101_visitante | C28: England | D28: 2026-06-11 13:59:31.702973+00 | E28: =IF(COUNTIF(OFICIAL!$C$102:$D$103, C28) > 0, 8, 0) -> 0
A29: AESCOBARA | B29: 102_local | C29: Spain | D29: 2026-06-11 13:59:36.232644+00 | E29: =IF(COUNTIF(OFICIAL!$C$102:$D$103, C29) > 0, 8, 0) -> 0
A30: AESCOBARA | B30: 102_visitante | C30: Argentina | D30: 2026-06-11 13:59:39.058852+00 | E30: =IF(COUNTIF(OFICIAL!$C$102:$D$103, C30) > 0, 8, 0) -> 0
A31: AESCOBARA | B31: 103_local | C31: France | D31: 2026-06-11 14:00:15.546925+00 | E31: 0 | F31: NO PUNTUAN
A32: AESCOBARA | B32: 103_visitante | C32: Argentina | D32: 2026-06-11 14:00:17.879711+00 | E32: 0 | F32: NO PUNTUAN
A33: AESCOBARA | B33: 104_local | C33: England | D33: 2026-06-11 13:59:52.311113+00 | E33: =IF(COUNTIF(OFICIAL!$C$105:$D$105, C33) > 0, 10, 0) -> 0
A34: AESCOBARA | B34: 104_visitante | C34: Spain | D34: 2026-06-11 14:00:12.486181+00 | E34: =IF(COUNTIF(OFICIAL!$C$105:$D$105, C34) > 0, 10, 0) -> 0
A35: AESCOBARA | B35: podium_1 | C35: Spain | D35: 2026-06-11 14:00:30.747569+00 | E35: =IF(C35=OFICIAL!K5, 20, 0) -> 0
A36: AESCOBARA | B36: podium_2 | C36: England | D36: 2026-06-11 14:00:33.038017+00 | E36: 0 | F36: NO PUNTUAN
A37: AESCOBARA | B37: podium_3 | C37: Argentina | D37: 2026-06-11 14:00:59.829083+00 | E37: =IF(C37=OFICIAL!M5, 12, 0) -> 0
A38: AESCOBARA | B38: podium_4 | C38: France | D38: 2026-06-11 14:01:07.180679+00 | E38: 0 | F38: NO PUNTUAN
A40: ★ DAMI
A41: DAMI | B41: 89_local | C41: Germany | D41: 2026-06-11 12:15:13.622932+00 | E41: =IF(COUNTIF(OFICIAL!$C$90:$D$97, C41) > 0, 2, 0) -> 0 | F41: =SUM(E41:E76) -> 0
A42: DAMI | B42: 89_visitante | C42: France | D42: 2026-06-11 12:15:17.053424+00 | E42: =IF(COUNTIF(OFICIAL!$C$90:$D$97, C42) > 0, 2, 0) -> 0
A43: DAMI | B43: 90_local | C43: Switzerland | D43: 2026-06-11 12:15:21.886925+00 | E43: =IF(COUNTIF(OFICIAL!$C$90:$D$97, C43) > 0, 2, 0) -> 0
A44: DAMI | B44: 90_visitante | C44: Netherlands | D44: 2026-06-11 12:15:27.126369+00 | E44: =IF(COUNTIF(OFICIAL!$C$90:$D$97, C44) > 0, 2, 0) -> 0
A45: DAMI | B45: 91_local | C45: Morocco | D45: 2026-06-11 14:32:34.016915+00 | E45: =IF(COUNTIF(OFICIAL!$C$90:$D$97, C45) > 0, 2, 0) -> 0
A46: DAMI | B46: 91_visitante | C46: Norway | D46: 2026-06-11 14:32:36.352471+00 | E46: =IF(COUNTIF(OFICIAL!$C$90:$D$97, C46) > 0, 2, 0) -> 0
A47: DAMI | B47: 92_local | C47: Mexico | D47: 2026-06-11 14:32:39.695084+00 | E47: =IF(COUNTIF(OFICIAL!$C$90:$D$97, C47) > 0, 2, 0) -> 0
A48: DAMI | B48: 92_visitante | C48: England | D48: 2026-06-11 14:32:42.388475+00 | E48: =IF(COUNTIF(OFICIAL!$C$90:$D$97, C48) > 0, 2, 0) -> 0
A49: DAMI | B49: 93_local | C49: Croatia | D49: 2026-06-11 14:32:46.678648+00 | E49: =IF(COUNTIF(OFICIAL!$C$90:$D$97, C49) > 0, 2, 0) -> 0
A50: DAMI | B50: 93_visitante | C50: Spain | D50: 2026-06-11 14:32:52.245339+00 | E50: =IF(COUNTIF(OFICIAL!$C$90:$D$97, C50) > 0, 2, 0) -> 0
A51: DAMI | B51: 94_local | C51: Türkiye | D51: 2026-06-11 14:37:17.009215+00 | E51: =IF(COUNTIF(OFICIAL!$C$90:$D$97, C51) > 0, 2, 0) -> 0
A52: DAMI | B52: 94_visitante | C52: Belgium | D52: 2026-06-11 14:37:19.639806+00 | E52: =IF(COUNTIF(OFICIAL!$C$90:$D$97, C52) > 0, 2, 0) -> 0
A53: DAMI | B53: 95_local | C53: Ecuador | D53: 2026-06-11 14:37:22.861207+00 | E53: =IF(COUNTIF(OFICIAL!$C$90:$D$97, C53) > 0, 2, 0) -> 0
... A56: DAMI | B56: 96_visitante | C56: USA | D56: 2026-06-11 14:37:30.872405+00 | E56: =IF(COUNTIF(OFICIAL!$C$90:$D$97, C56) > 0, 2, 0) -> 0
A57: DAMI | B57: 97_local | C57: France | D57: 2026-06-11 14:37:50.553928+00 | E57: =IF(COUNTIF(OFICIAL!$C$98:$D$101, C57) > 0, 4, 0) -> 0
A58: DAMI | B58: 97_visitante | C58: Netherlands | D58: 2026-06-11 14:40:14.1123+00 | E58: =IF(COUNTIF(OFICIAL!$C$98:$D$101, C58) > 0, 4, 0) -> 0
A59: DAMI | B59: 98_local | C59: Morocco | D59: 2026-06-11 14:40:16.105587+00 | E59: =IF(COUNTIF(OFICIAL!$C$98:$D$101, C59) > 0, 4, 0) -> 0
A60: DAMI | B60: 98_visitante | C60: England | D60: 2026-06-11 14:40:19.584042+00 | E60: =IF(COUNTIF(OFICIAL!$C$98:$D$101, C60) > 0, 4, 0) -> 0
A61: DAMI | B61: 99_local | C61: Spain | D61: 2026-06-11 14:40:22.689011+00 | E61: =IF(COUNTIF(OFICIAL!$C$98:$D$101, C61) > 0, 4, 0) -> 0
A62: DAMI | B62: 99_visitante | C62: Türkiye | D62: 2026-06-11 14:40:27.742147+00 | E62: =IF(COUNTIF(OFICIAL!$C$98:$D$101, C62) > 0, 4, 0) -> 0
A63: DAMI | B63: 100_local | C63: Argentina | D63: 2026-06-11 14:40:30.869071+00 | E63: =IF(COUNTIF(OFICIAL!$C$98:$D$101, C63) > 0, 4, 0) -> 0
A64: DAMI | B64: 100_visitante | C64: Portugal | D64: 2026-06-11 14:40:33.495146+00 | E64: =IF(COUNTIF(OFICIAL!$C$98:$D$101, C64) > 0, 4, 0) -> 0
A65: DAMI | B65: 101_local | C65: France | D65: 2026-06-11 14:40:43.287271+00 | E65: =IF(COUNTIF(OFICIAL!$C$102:$D$103, C65) > 0, 8, 0) -> 0
A66: DAMI | B66: 101_visitante | C66: Morocco | D66: 2026-06-11 14:40:45.470997+00 | E66: =IF(COUNTIF(OFICIAL!$C$102:$D$103, C66) > 0, 8, 0) -> 0
A67: DAMI | B67: 102_local | C67: Spain | D67: 2026-06-11 14:40:47.33953+00 | E67: =IF(COUNTIF(OFICIAL!$C$102:$D$103, C67) > 0, 8, 0) -> 0
A68: DAMI | B68: 102_visitante | C68: Portugal | D68: 2026-06-11 14:40:51.229593+00 | E68: =IF(COUNTIF(OFICIAL!$C$102:$D$103, C68) > 0, 8, 0) -> 0
A69: DAMI | B69: 103_local | C69: Morocco | D69: 2026-06-11 14:40:58.610054+00 | E69: 0 | F69: NO PUNTUAN
A70: DAMI | B70: 103_visitante | C70: Spain | D70: 2026-06-11 14:41:02.253055+00 | E70: 0 | F70: NO PUNTUAN
A71: DAMI | B71: 104_local | C71: France | D71: 2026-06-11 14:41:06.841469+00 | E71: =IF(COUNTIF(OFICIAL!$C$105:$D$105, C71) > 0, 10, 0) -> 0
A72: DAMI | B72: 104_visitante | C72: Portugal | D72: 2026-06-11 14:41:09.227289+00 | E72: =IF(COUNTIF(OFICIAL!$C$105:$D$105, C72) > 0, 10, 0) -> 0
A73: DAMI | B73: podium_1 | C73: Portugal | D73: 2026-06-11 14:41:16.332387+00 | E73: =IF(C73=OFICIAL!K5, 20, 0) -> 0
A74: DAMI | B74: podium_2 | C74: France | D74: 2026-06-11 14:41:20.200415+00 | E74: 0 | F74: NO PUNTUAN
A75: DAMI | B75: podium_3 | C75: Spain | D75: 2026-06-11 14:41:52.709099+00 | E75: =IF(C75=OFICIAL!M5, 12, 0) -> 0
A76: DAMI | B76: podium_4 | C76: Morocco | D76: 2026-06-11 14:41:54.543657+00 | E76: 0 | F76: NO PUNTUAN
A78: ★ DAVID
A79: DAVID | B79: 89_local | C79: Germany | D79: 2026-06-11 13:54:10.129702+00 | E79: =IF(COUNTIF(OFICIAL!$C$90:$D$97, C79) > 0, 1, 0) -> 0 | F79: =SUM(E79:E114) -> 0
A80: DAVID | B80: 89_visitante | C80: France | D80: 2026-06-11 18:01:23.590194+00 | E80: =IF(COUNTIF(OFICIAL!$C$90:$D$97, C80) > 0, 1, 0) -> 0
A81: DAVID | B81: 90_local | C81: Canada | D81: 2026-06-11 18:01:37.004275+00 | E81: =IF(COUNTIF(OFICIAL!$C$90:$D$97, C81) > 0, 1, 0) -> 0
A82: DAVID | B82: 90_visitante | C82: Netherlands | D82: 2026-06-11 18:01:39.753168+00 | E82: =IF(COUNTIF(OFICIAL!$C$90:$D$97, C82) > 0, 1, 0) -> 0
A83: DAVID | B83: 91_local | C83: Brazil | D83: 2026-06-11 18:01:42.992162+00 | E83: =IF(COUNTIF(OFICIAL!$C$90:$D$97, C83) > 0, 1, 0) -> 0
A84: DAVID | B84: 91_visitante | C84: Ecuador | D84: 2026-06-11 18:13:10.312507+00 | E84: =IF(COUNTIF(OFICIAL!$C$90:$D$97, C84) > 0, 1, 0) -> 0
A85: DAVID | B85: 92_local | C85: Mexico | D85: 2026-06-11 18:13:13.69201+00 | E85: =IF(COUNTIF(OFICIAL!$C$90:$D$97, C85) > 0, 1, 0) -> 0
A86: DAVID | B86: 92_visitante | C86: England | D86: 2026-06-11 18:13:16.183901+00 | E86: =IF(COUNTIF(OFICIAL!$C$90:$D$97, C86) > 0, 1, 0) -> 0
A87: DAVID | B87: 93_local | C87: Colombia | D87: 2026-06-11 18:13:33.685334+00 | E87: =IF(COUNTIF(OFICIAL!$C$90:$D$97, C87) > 0, 1, 0) -> 0
A88: DAVID | B88: 93_visitante | C88: Spain | D88: 2026-06-11 18:13:36.636513+00 | E88: =IF(COUNTIF(OFICIAL!$C$90:$D$97, C88) > 0, 1, 0) -> 0
A89: DAVID | B89: 94_local | C89: USA | D89: 2026-06-11 18:13:40.366712+00 | E89: =IF(COUNTIF(OFICIAL!$C$90:$D$97, C89) > 0, 1, 0) -> 0
A90: DAVID | B90: 94_visitante | C90: Belgium | D90: 2026-06-11 18:13:43.252094+00 | E90: =IF(COUNTIF(OFICIAL!$C$90:$D$97, C90) > 0, 1, 0) -> 0
A91: DAVID | B91: 95_local | C91: Norway | D91: 2026-06-11 18:13:50.236651+00 | E91: =IF(COUNTIF(OFICIAL!$C$90:$D$97, C91) > 0, 1, 0) -> 0
... A94: DAVID | B94: 96_visitante | C94: Türkiye | D94: 2026-06-11 18:14:28.086401+00 | E94: =IF(COUNTIF(OFICIAL!$C$90:$D$97, C94) > 0, 1, 0) -> 0
A95: DAVID | B95: 97_local | C95: France | D95: 2026-06-11 18:14:33.439643+00 | E95: =IF(COUNTIF(OFICIAL!$C$98:$D$101, C95) > 0, 1, 0) -> 0
A96: DAVID | B96: 97_visitante | C96: Netherlands | D96: 2026-06-11 18:14:42.219347+00 | E96: =IF(COUNTIF(OFICIAL!$C$98:$D$101, C96) > 0, 1, 0) -> 0
A97: DAVID | B97: 98_local | C97: Brazil | D97: 2026-06-11 18:14:47.134739+00 | E97: =IF(COUNTIF(OFICIAL!$C$98:$D$101, C97) > 0, 1, 0) -> 0
A98: DAVID | B98: 98_visitante | C98: England | D98: 2026-06-11 18:14:51.572424+00 | E98: =IF(COUNTIF(OFICIAL!$C$98:$D$101, C98) > 0, 1, 0) -> 0
A99: DAVID | B99: 99_local | C99: Spain | D99: 2026-06-11 18:14:55.697009+00 | E99: =IF(COUNTIF(OFICIAL!$C$98:$D$101, C99) > 0, 1, 0) -> 0
A100: DAVID | B100: 99_visitante | C100: USA | D100: 2026-06-11 18:14:58.104144+00 | E100: =IF(COUNTIF(OFICIAL!$C$98:$D$101, C100) > 0, 1, 0) -> 0
A101: DAVID | B101: 100_local | C101: Argentina | D101: 2026-06-11 18:15:09.241047+00 | E101: =IF(COUNTIF(OFICIAL!$C$98:$D$101, C101) > 0, 1, 0) -> 0
A102: DAVID | B102: 100_visitante | C102: Portugal | D102: 2026-06-11 18:15:11.945167+00 | E102: =IF(COUNTIF(OFICIAL!$C$98:$D$101, C102) > 0, 1, 0) -> 0
A103: DAVID | B103: 101_local | C103: France | D103: 2026-06-11 18:15:18.273346+00 | E103: =IF(COUNTIF(OFICIAL!$C$102:$D$103, C103) > 0, 8, 0) -> 0
A104: DAVID | B104: 101_visitante | C104: Brazil | D104: 2026-06-11 18:15:31.851753+00 | E104: =IF(COUNTIF(OFICIAL!$C$102:$D$103, C104) > 0, 8, 0) -> 0
A105: DAVID | B105: 102_local | C105: Spain | D105: 2026-06-11 18:15:37.082831+00 | E105: =IF(COUNTIF(OFICIAL!$C$102:$D$103, C105) > 0, 8, 0) -> 0
A106: DAVID | B106: 102_visitante | C106: Argentina | D106: 2026-06-11 18:15:44.246954+00 | E106: =IF(COUNTIF(OFICIAL!$C$102:$D$103, C106) > 0, 8, 0) -> 0
A107: DAVID | B107: 103_local | C107: Brazil | D107: 2026-06-11 18:15:51.061209+00 | E107: 0 | F107: NO PUNTUAN
A108: DAVID | B108: 103_visitante | C108: Argentina | D108: 2026-06-11 18:15:52.518361+00 | E108: 0 | F108: NO PUNTUAN
...

Sheet OFICIAL
A1: id | B1: group_stage | C1: home_team | D1: away_team | E1: match_date | F1: home_score | G1: away_score | H1: is_finished | J1: EXTRAS | K1: best_player | L1: top_scorer | M1: best_keeper | N1: best_young | O1: fair_play
A2: 508fde42-0d95-4deb-bb06-ffe8ed2063df | B2: GROUP A | C2: Mexico | D2: South Africa | E2: 2026-06-11 19:00:00+00 | F2: 2 | G2: 0 | H2: true
A3: 9a59f9b3-7047-4415-965f-60027d2b2f14 | B3: GROUP A | C3: South Korea | D3: Czechia | E3: 2026-06-12 02:00:00+00 | F3: 2 | G3: 1 | H3: true
A4: 786a6f9c-ec56-4cd6-8b44-8f0eed147c2b | B4: GROUP B | C4: Canada | D4: Bosnia and Herzegovina | E4: 2026-06-12 19:00:00+00 | F4: 1 | G4: 1 | H4: true | J4: PODIUM | K4: Campeón del Mundo | L4: Subcampeón | M4: Tercer Puesto | N4: Cuarto puesto
A5: d15b86b6-8131-4eed-9d08-f9941aaab68f | B5: GROUP D | C5: USA | D5: Paraguay | E5: 2026-06-13 01:00:00+00 | F5: 4 | G5: 1 | H5: true
A6: a966c60d-7b80-48d7-aaec-e45f740da490 | B6: GROUP B | C6: Qatar | D6: Switzerland | E6: 2026-06-13 19:00:00+00 | F6: 1 | G6: 1 | H6: true
A7: 6c0c01c5-d0b5-48a7-8066-7c03e4c9935b | B7: GROUP C | C7: Brazil | D7: Morocco | E7: 2026-06-13 22:00:00+00 | F7: 1 | G7: 1 | H7: true
A8: 0d0fecb5-49d5-4ade-893a-c03326a6ed99 | B8: GROUP C | C8: Haiti | D8: Scotland | E8: 2026-06-14 03:00:00+00 | F8: 0 | G8: 1 | H8: true
A9: 9562e7fe-3cc2-468b-8581-dfde5a600be4 | B9: GROUP D | C9: Australia | D9: Türkiye | E9: 2026-06-14 06:00:00+00 | F9: 2 | G9: 0 | H9: true
A10: 5deeae7a-b706-418b-99d7-042ef9ca05e5 | B10: GROUP E | C10: Germany | D10: Curaçao | E10: 2026-06-14 19:00:00+00 | F10: 7 | G10: 1 | H10: true
A11: 0d203b18-162c-4ca1-be32-6bc80bde86a7 | B11: GROUP F | C11: Netherlands | D11: Japan | E11: 2026-06-14 22:00:00+00 | F11: 2 | G11: 2 | H11: true
A12: b7a93904-fd26-43c7-bcf8-1b43f7f69e29 | B12: GROUP E | C12: Ivory Coast | D12: Ecuador | E12: 2026-06-15 01:00:00+00 | F12: 1 | G12: 0 | H12: true
A13: 41eb4eda-5a5f-43cf-bf68-771e0a04b8bd | B13: GROUP F | C13: Sweden | D13: Tunisia | E13: 2026-06-15 04:00:00+00 | F13: 5 | G13: 1 | H13: true
A14: 71fb781e-9423-4cb2-8fa6-e456891f4dd0 | B14: GROUP H | C14: Spain | D14: CAPE VERDE | E14: 2026-06-15 18:00:00+00 | F14: 0 | G14: 0 | H14: true
A15: bf9613bc-f036-4652-ab93-21c91530923c | B15: GROUP G | C15: Belgium | D15: Egypt | E15: 2026-06-15 21:00:00+00 | F15: 1 | G15: 1 | H15: true
A16: e7b11ce5-1ff6-4450-9e8b-a258e2914da8 | B16: GROUP H | C16: Saudi Arabia | D16: Uruguay | E16: 2026-06-16 00:00:00+00 | F16: 1 | G16: 1 | H16: true
... A49: 5cc28bc4-afe1-4f2b-943b-52e5c7a9bd97 | B49: GROUP K | C49: Congo DR | D49: Colombia | E49: 2026-06-24 02:00:00+00 | F49: 0 | G49: 1 | H49: false
A50: f274a3bc-165f-4d67-9484-34b83681d844 | B50: GROUP B | C50: Switzerland | D50: Canada | E50: 2026-06-24 19:00:00+00 | F50: null | G50: null | H50: false
A51: a6a6245c-601f-484b-a381-7e7623fe648d | B51: GROUP B | C51: Bosnia and Herzegovina | D51: Qatar | E51: 2026-06-24 19:00:00+00 | F51: null | G51: null | H51: false
A52: 3842d6ce-2774-4599-b099-2f48b40e7810 | B52: GROUP C | C52: Scotland | D52: Brazil | E52: 2026-06-24 22:00:00+00 | F52: null | G52: null | H52: false
A53: e8cdced1-61ad-47e9-8af6-bdacb05214a9 | B53: GROUP C | C53: Morocco | D53: Haiti | E53: 2026-06-24 22:00:00+00 | F53: null | G53: null | H53: false
A54: 35c8fde1-3470-446b-aa25-41eefa0d9a85 | B54: GROUP A | C54: South Korea | D54: South Africa | E54: 2026-06-25 01:00:00+00 | F54: null | G54: null | H54: false
A55: 4d807998-b338-414f-bcbb-cce1497ded16 | B55: GROUP A | C55: Czechia | D55: Mexico | E55: 2026-06-25 01:00:00+00 | F55: null | G55: null | H55: false
A56: 012930f4-468c-42b7-944c-74ac50c957f1 | B56: GROUP E | C56: Ecuador | D56: Germany | E56: 2026-06-25 20:00:00+00 | F56: null | G56: null | H56: false
A57: 83a9a7a8-66df-4e08-b5d3-30315e8ad5ce | B57: GROUP E | C57: Curaçao | D57: Ivory Coast | E57: 2026-06-25 20:00:00+00 | F57: null | G57: null | H57: false
A58: 3c6d2e2b-90bc-4ba5-adec-f383abb3e03f | B58: GROUP F | C58: Japan | D58: Sweden | E58: 2026-06-25 23:00:00+00 | F58: null | G58: null | H58: false
A59: 37f0bfe4-a5e3-49d4-9db3-bc09f782cc94 | B59: GROUP F | C59: Tunisia | D59: Netherlands | E59: 2026-06-25 23:00:00+00 | F59: null | G59: null | H59: false
A60: 94e3ccc0-6d65-40cb-a8fb-52d07cb7f65f | B60: GROUP D | C60: Türkiye | D60: USA | E60: 2026-06-26 02:00:00+00 | F60: null | G60: null | H60: false
A61: 66d4c18d-47c1-467c-affd-df0a47a6d7a1 | B61: GROUP D | C61: Paraguay | D61: Australia | E61: 2026-06-26 02:00:00+00 | F61: null | G61: null | H61: false
... A73: 9e7260c6-f6f7-4f3b-b3c2-aad3fd15d45b | B73: GROUP J | C73: Jordan | D73: Argentina | E73: 2026-06-28 02:00:00+00 | F73: null | G73: null | H73: false
A74: b818e642-85e4-4586-a98a-c2286f70ef5d | B74: ROUND 32 | E74: 2026-06-28 21:00:00+00 | F74: null | G74: null | H74: false
A75: 0e641f18-550d-4840-84c7-3307cc6f4b23 | B75: ROUND 32 | E75: 2026-06-29 19:00:00+00 | F75: null | G75: null | H75: false
A76: bd223b1d-05a1-469c-826e-ac1f54c9c421 | B76: ROUND 32 | E76: 2026-06-29 22:30:00+00 | F76: null | G76: null | H76: false
A77: 2cb3d19e-e2a5-44fe-977f-00804f7ad158 | B77: ROUND 32 | E77: 2026-06-30 03:00:00+00 | F77: null | G77: null | H77: false
A78: 9bf3844d-127a-428e-9159-5f35d5146f52 | B78: ROUND 32 | E78: 2026-06-30 19:00:00+00 | F78: null | G78: null | H78: false
A79: fb912c32-ecd9-498e-8111-450cd5094489 | B79: ROUND 32 | E79: 2026-06-30 23:00:00+00 | F79: null | G79: null | H79: false
A80: 12bd518b-b668-40b9-b4a9-4219a5030a5e | B80: ROUND 32 | E80: 2026-07-01 03:00:00+00 | F80: null | G80: null | H80: false
A81: a96afa81-6588-4066-aeb2-e41826fa0502 | B81: ROUND 32 | E81: 2026-07-01 18:00:00+00 | F81: null | G81: null | H81: false
A82: 7837ebbb-e2e7-4bed-ba71-1f62c57eec79 | B82: ROUND 32 | E82: 2026-07-01 22:00:00+00 | F82: null | G82: null | H82: false
A83: f2e13139-7a79-4384-a65e-9e98981a1cc0 | B83: ROUND 32 | E83: 2026-07-02 02:00:00+00 | F83: null | G83: null | H83: false
A84: 81474e30-9d99-4767-b3af-bd0ddb543f33 | B84: ROUND 32 | E84: 2026-07-02 21:00:00+00 | F84: null | G84: null | H84: false
A85: 2cce7477-a907-4521-8723-d4b4b62961dc | B85: ROUND 32 | E85: 2026-07-03 01:00:00+00 | F85: null | G85: null | H85: false
... A105: 83a756b2-fcef-4dfa-af7c-64179458a277 | B105: FINAL | E105: 2026-07-19 21:00:00+00 | F105: null | G105: null | H105: false

Sheet Aciertos
A1: username | B1: group_stage | C1: home_team | D1: away_team | E1: home_score | F1: away_score | G1: prediction_home | H1: prediction_away
A2: AESCOBARA | B2: GROUP A | C2: Mexico | D2: South Africa | E2: 2 | F2: 0 | G2: 2 | H2: 0
A3: AESCOBARA | B3: GROUP F | C3: Netherlands | D3: Japan | E3: 2 | F3: 2 | G3: 2 | H3: 2
A4: AESCOBARA | B4: GROUP G | C4: Belgium | D4: Egypt | E4: 1 | F4: 1 | G4: 1 | H4: 1
A5: AESCOBARA | B5: GROUP K | C5: Uzbekistan | D5: Colombia | E5: 1 | F5: 3 | G5: 1 | H5: 3
A6: DAMI | B6: GROUP G | C6: Belgium | D6: Egypt | E6: 1 | F6: 1 | G6: 1 | H6: 1
A7: DAMI | B7: GROUP J | C7: Argentina | D7: Algeria | E7: 3 | F7: 0 | G7: 3 | H7: 0
A8: DAMI | B8: GROUP K | C8: Uzbekistan | D8: Colombia | E8: 1 | F8: 3 | G8: 1 | H8: 3
A9: DAMI | B9: GROUP A | C9: South Africa | D9: Czechia | E9: 1 | F9: 1 | G9: 1 | H9: 1
A10: DAVID | B10: GROUP A | C10: Mexico | D10: South Africa | E10: 2 | F10: 0 | G10: 2 | H10: 0
A11: DAVID | B11: GROUP A | C11: South Africa | D11: Czechia | E11: 1 | F11: 1 | G11: 1 | H11: 1
A12: DAVID | B12: GROUP C | C12: Brazil | D12: Haiti | E12: 3 | F12: 0 | G12: 3 | H12: 0
A13: DAVID | B13: GROUP J | C13: Argentina | D13: Austria | E13: 2 | F13: 0 | G13: 2 | H13: 0
... A49: TIBURON ROCA | B49: GROUP J | C49: Algeria | D49: Jordan | E49: 2 | F49: 1 | G49: 2 | H49: 1

Sheet Hoja2
A1: id | B1: group_stage | C1: home_team | D1: away_team | E1: match_date | F1: home_score | G1: away_score | H1: is_finished
A2: 508fde42-0d95-4deb-bb06-ffe8ed2063df | B2: GROUP A | C2: Mexico | D2: South Africa | E2: 2026-06-11 19:00:00+00 | F2: 2 | G2: 0 | H2: true
A3: 9a59f9b3-7047-4415-965f-60027d2b2f14 | B3: GROUP A | C3: South Korea | D3: Czechia | E3: 2026-06-12 02:00:00+00 | F3: 2 | G3: 1 | H3: true
A4: 786a6f9c-ec56-4cd6-8b44-8f0eed147c2b | B4: GROUP B | C4: Canada | D4: Bosnia and Herzegovina | E4: 2026-06-12 19:00:00+00 | F4: 1 | G4: 1 | H4: true
A5: d15b86b6-8131-4eed-9d08-f9941aaab68f | B5: GROUP D | C5: USA | D5: Paraguay | E5: 2026-06-13 01:00:00+00 | F5: 4 | G5: 1 | H5: true
A6: a966c60d-7b80-48d7-aaec-e45f740da490 | B6: GROUP B | C6: Qatar | D6: Switzerland | E6: 2026-06-13 19:00:00+00 | F6: 1 | G6: 1 | H6: true
A7: 6c0c01c5-d0b5-48a7-8066-7c03e4c9935b | B7: GROUP C | C7: Brazil | D7: Morocco | E7: 2026-06-13 22:00:00+00 | F7: 1 | G7: 1 | H7: true
A8: 0d0fecb5-49d5-4ade-893a-c03326a6ed99 | B8: GROUP C | C8: Haiti | D8: Scotland | E8: 2026-06-14 03:00:00+00 | F8: 0 | G8: 1 | H8: true
A9: 9562e7fe-3cc2-468b-8581-dfde5a600be4 | B9: GROUP D | C9: Australia | D9: Türkiye | E9: 2026-06-14 06:00:00+00 | F9: 2 | G9: 0 | H9: true
A10: 5deeae7a-b706-418b-99d7-042ef9ca05e5 | B10: GROUP E | C10: Germany | D10: Curaçao | E10: 2026-06-14 19:00:00+00 | F10: 7 | G10: 1 | H10: true
A11: 0d203b18-162c-4ca1-be32-6bc80bde86a7 | B11: GROUP F | C11: Netherlands | D11: Japan | E11: 2026-06-14 22:00:00+00 | F11: 2 | G11: 2 | H11: true
A12: b7a93904-fd26-43c7-bcf8-1b43f7f69e29 | B12: GROUP E | C12: Ivory Coast | D12: Ecuador | E12: 2026-06-15 01:00:00+00 | F12: 1 | G12: 0 | H12: true
A13: 41eb4eda-5a5f-43cf-bf68-771e0a04b8bd | B13: GROUP F | C13: Sweden | D13: Tunisia | E13: 2026-06-15 04:00:00+00 | F13: 5 | G13: 1 | H13: true
... A49: 5cc28bc4-afe1-4f2b-943b-52e5c7a9bd97 | B49: GROUP K | C49: Congo DR | D49: Colombia | E49: 2026-06-24 02:00:00+00 | F49: 0 | G49: 1 | H49: true
A50: a6a6245c-601f-484b-a381-7e7623fe648d | B50: GROUP B | C50: Bosnia and Herzegovina | D50: Qatar | E50: 2026-06-24 19:00:00+00 | F50: null | G50: null | H50: false
A51: f274a3bc-165f-4d67-9484-34b83681d844 | B51: GROUP B | C51: Switzerland | D51: Canada | E51: 2026-06-24 19:00:00+00 | F51: null | G51: null | H51: false
A52: 3842d6ce-2774-4599-b099-2f48b40e7810 | B52: GROUP C | C52: Scotland | D52: Brazil | E52: 2026-06-24 22:00:00+00 | F52: null | G52: null | H52: false
A53: e8cdced1-61ad-47e9-8af6-bdacb05214a9 | B53: GROUP C | C53: Morocco | D53: Haiti | E53: 2026-06-24 22:00:00+00 | F53: null | G53: null | H53: false
A54: 35c8fde1-3470-446b-aa25-41eefa0d9a85 | B54: GROUP A | C54: South Korea | D54: South Africa | E54: 2026-06-25 01:00:00+00 | F54: null | G54: null | H54: false
A55: 4d807998-b338-414f-bcbb-cce1497ded16 | B55: GROUP A | C55: Czechia | D55: Mexico | E55: 2026-06-25 01:00:00+00 | F55: null | G55: null | H55: false
A56: 83a9a7a8-66df-4e08-b5d3-30315e8ad5ce | B56: GROUP E | C56: Curaçao | D56: Ivory Coast | E56: 2026-06-25 20:00:00+00 | F56: null | G56: null | H56: false
A57: 012930f4-468c-42b7-944c-74ac50c957f1 | B57: GROUP E | C57: Ecuador | D57: Germany | E57: 2026-06-25 20:00:00+00 | F57: null | G57: null | H57: false
A58: 37f0bfe4-a5e3-49d4-9db3-bc09f782cc94 | B58: GROUP F | C58: Tunisia | D58: Netherlands | E58: 2026-06-25 23:00:00+00 | F58: null | G58: null | H58: false
A59: 3c6d2e2b-90bc-4ba5-adec-f383abb3e03f | B59: GROUP F | C59: Japan | D59: Sweden | E59: 2026-06-25 23:00:00+00 | F59: null | G59: null | H59: false
A60: 66d4c18d-47c1-467c-affd-df0a47a6d7a1 | B60: GROUP D | C60: Paraguay | D60: Australia | E60: 2026-06-26 02:00:00+00 | F60: null | G60: null | H60: false
A61: 94e3ccc0-6d65-40cb-a8fb-52d07cb7f65f | B61: GROUP D | C61: Türkiye | D61: USA | E61: 2026-06-26 02:00:00+00 | F61: null | G61: null | H61: false
... A73: 6a93e346-d05d-4f0a-99e2-44659705424f | B73: GROUP J | C73: Algeria | D73: Austria | E73: 2026-06-28 02:00:00+00 | F73: null | G73: null | H73: false
A74: b818e642-85e4-4586-a98a-c2286f70ef5d | B74: ROUND 32 | E74: 2026-06-28 21:00:00+00 | F74: null | G74: null | H74: false
A75: 0e641f18-550d-4840-84c7-3307cc6f4b23 | B75: ROUND 32 | E75: 2026-06-29 19:00:00+00 | F75: null | G75: null | H75: false
A76: bd223b1d-05a1-469c-826e-ac1f54c9c421 | B76: ROUND 32 | E76: 2026-06-29 22:30:00+00 | F76: null | G76: null | H76: false
A77: 2cb3d19e-e2a5-44fe-977f-00804f7ad158 | B77: ROUND 32 | E77: 2026-06-30 03:00:00+00 | F77: null | G77: null | H77: false
A78: 9bf3844d-127a-428e-9159-5f35d5146f52 | B78: ROUND 32 | E78: 2026-06-30 19:00:00+00 | F78: null | G78: null | H78: false
A79: fb912c32-ecd9-498e-8111-450cd5094489 | B79: ROUND 32 | E79: 2026-06-30 23:00:00+00 | F79: null | G79: null | H79: false
A80: 12bd518b-b668-40b9-b4a9-4219a5030a5e | B80: ROUND 32 | E80: 2026-07-01 03:00:00+00 | F80: null | G80: null | H80: false
A81: a96afa81-6588-4066-aeb2-e41826fa0502 | B81: ROUND 32 | E81: 2026-07-01 18:00:00+00 | F81: null | G81: null | H81: false
A82: 7837ebbb-e2e7-4bed-ba71-1f62c57eec79 | B82: ROUND 32 | E82: 2026-07-01 22:00:00+00 | F82: null | G82: null | H82: false
A83: f2e13139-7a79-4384-a65e-9e98981a1cc0 | B83: ROUND 32 | E83: 2026-07-02 02:00:00+00 | F83: null | G83: null | H83: false
A84: 81474e30-9d99-4767-b3af-bd0ddb543f33 | B84: ROUND 32 | E84: 2026-07-02 21:00:00+00 | F84: null | G84: null | H84: false
A85: 2cce7477-a907-4521-8723-d4b4b62961dc | B85: ROUND 32 | E85: 2026-07-03 01:00:00+00 | F85: null | G85: null | H85: false
... A101: 5ebbd0f4-e4b9-4219-becc-90f25af1c707 | B101: QUARTER-FINAL | E101: 2026-07-12 03:00:00+00 | F101: null | G101: null | H101: false
